Any,Codi_Districte,Nom_Districte,Codi_Barri,Nom_Barri,total,n_edu_baixa,n_edu_mitja,n_edu_alta,pct_edu_baixa,pct_edu_mitja,pct_edu_alta
2014,1,Ciutat Vella,1,el Raval,40383,15724,16149,8510,0.38937176534680434,0.3998959958398336,0.21073223881336206
2014,1,Ciutat Vella,2,el Barri Gòtic,14173,3189,5995,4989,0.22500529175192266,0.4229873703520779,0.3520073378959994
2014,1,Ciutat Vella,3,la Barceloneta,13417,4274,6147,2996,0.3185510918983379,0.45815010807184914,0.22329880002981292
2014,1,Ciutat Vella,4,"Sant Pere, Santa Caterina i la Ribera",19782,4739,7993,7050,0.23956121726822363,0.4040541906783945,0.35638459205338185
2014,2,Eixample,5,el Fort Pienc,27269,4758,12892,9619,0.17448384612563717,0.472771278741428,0.35274487513293484
2014,2,Eixample,6,la Sagrada Família,45192,8785,21510,14897,0.19439281288723667,0.4759691980881572,0.3296379890246061
2014,2,Eixample,7,la Dreta de l'Eixample,37406,4092,15439,17875,0.10939421483184515,0.4127412714537775,0.4778645137143774
2014,2,Eixample,8,l'Antiga Esquerra de l'Eixample,36487,4654,15860,15973,0.1275522788938526,0.4346753638282128,0.4377723572779346
2014,2,Eixample,9,la Nova Esquerra de l'Eixample,50545,8001,23129,19415,0.15829458898011672,0.45759224453457314,0.38411316648531013
2014,2,Eixample,10,Sant Antoni,33493,7028,15672,10793,0.20983489087271967,0.4679186695727465,0.3222464395545338
2014,3,Sants-Montjuïc,11,el Poble-sec,34766,11030,15929,7807,0.3172639935569234,0.4581775297704654,0.22455847667261117
2014,3,Sants-Montjuïc,12,la Marina del Prat Vermell,948,501,406,41,0.5284810126582279,0.4282700421940928,0.043248945147679324
2014,3,Sants-Montjuïc,13,la Marina de Port,24861,8689,12812,3360,0.34950323800329836,0.5153453199790837,0.13515144201761795
2014,3,Sants-Montjuïc,14,la Font de la Guatlla,9000,2237,4334,2429,0.24855555555555556,0.48155555555555557,0.2698888888888889
2014,3,Sants-Montjuïc,15,Hostafrancs,13689,3670,6513,3506,0.26809847322667835,0.4757834757834758,0.25611805098984586
2014,3,Sants-Montjuïc,16,la Bordeta,15973,4393,8275,3305,0.27502660739998747,0.518061729167971,0.20691166343204156
2014,3,Sants-Montjuïc,17,Sants - Badal,21035,6110,10195,4730,0.290468267173758,0.4846684097932018,0.22486332303304016
2014,3,Sants-Montjuïc,18,Sants,35592,8593,16906,10093,0.24143065857496065,0.4749943807597213,0.28357496066531807
2014,4,Les Corts,19,les Corts,39894,5954,18271,15669,0.1492455005765278,0.4579886699754349,0.3927658294480373
2014,4,Les Corts,20,la Maternitat i Sant Ramon,20388,3745,9391,7252,0.18368648224445752,0.46061408671767706,0.3556994310378654
2014,4,Les Corts,21,Pedralbes,9552,658,4062,4832,0.06888609715242881,0.42525125628140703,0.5058626465661642
2014,5,Sarrià-Sant Gervasi,22,"Vallvidrera, el Tibidabo i les Planes",3527,449,1654,1424,0.12730365749929118,0.4689537850864758,0.40374255741423304
2014,5,Sarrià-Sant Gervasi,23,Sarrià,19453,1726,8156,9571,0.08872667454891277,0.4192669511129389,0.49200637433814837
2014,5,Sarrià-Sant Gervasi,24,les Tres Torres,12897,687,5562,6648,0.05326820190742033,0.43126308443824146,0.5154687136543382
2014,5,Sarrià-Sant Gervasi,25,Sant Gervasi - la Bonanova,20768,1730,9230,9808,0.08330123266563945,0.4444337442218798,0.47226502311248075
2014,5,Sarrià-Sant Gervasi,26,Sant Gervasi - Galvany,38464,2693,16694,19077,0.07001351913477537,0.4340162229617304,0.4959702579034942
2014,5,Sarrià-Sant Gervasi,27,el Putxet i el Farró,24222,1989,10782,11451,0.08211543225167203,0.4451325241515977,0.47275204359673023
2014,6,Gràcia,28,Vallcarca i els Penitents,13073,1993,6212,4868,0.15245161783829267,0.4751778474718886,0.37237053468981873
2014,6,Gràcia,29,el Coll,6100,1315,3114,1671,0.2155737704918033,0.5104918032786885,0.2739344262295082
2014,6,Gràcia,30,la Salut,11315,1682,5353,4280,0.14865223155103843,0.47308882015024306,0.37825894829871853
2014,6,Gràcia,31,la Vila de Gràcia,44072,7521,18836,17715,0.17065256852423308,0.42739154111453986,0.4019558903612271
2014,6,Gràcia,32,el Camp d'en Grassot i Gràcia Nova,29666,4779,13916,10971,0.16109350771927458,0.4690891930155734,0.369817299265152
2014,7,Horta-Guinardó,33,el Baix Guinardó,22358,4757,11166,6435,0.21276500581447358,0.4994185526433491,0.2878164415421773
2014,7,Horta-Guinardó,34,Can Baró,7581,2019,3763,1799,0.2663237039968342,0.4963725102229257,0.23730378578024008
2014,7,Horta-Guinardó,35,el Guinardó,30567,6696,15822,8049,0.21905977034056334,0.5176170379821377,0.26332319167729906
2014,7,Horta-Guinardó,36,la Font d'en Fargues,7921,1523,4112,2286,0.1922737028153011,0.5191263729327105,0.2885999242519884
2014,7,Horta-Guinardó,37,el Carmel,26656,9753,13975,2928,0.36588385354141656,0.5242722088835534,0.10984393757503001
2014,7,Horta-Guinardó,38,la Teixonera,9726,3219,5122,1385,0.3309685379395435,0.5266296524778943,0.1424018095825622
2014,7,Horta-Guinardó,39,Sant Genís dels Agudells,5884,1916,2950,1018,0.3256288239292998,0.5013596193065941,0.17301155676410604
2014,7,Horta-Guinardó,40,Montbau,4367,1298,2107,962,0.2972292191435768,0.4824822532631097,0.2202885275933135
2014,7,Horta-Guinardó,41,la Vall d'Hebron,4711,1102,2299,1310,0.233920611335173,0.4880067926130333,0.2780725960517937
2014,7,Horta-Guinardó,42,la Clota,440,137,203,100,0.31136363636363634,0.46136363636363636,0.22727272727272727
2014,7,Horta-Guinardó,43,Horta,22845,6724,11399,4722,0.29433136353687894,0.49897132851827536,0.2066973079448457
2014,8,Nou Barris,44,Vilapicina i la Torre Llobeta,21824,6013,11351,4460,0.2755223607038123,0.5201154692082112,0.20436217008797655
2014,8,Nou Barris,45,Porta,21013,7221,10640,3152,0.3436444106029601,0.50635320991767,0.15000237947936992
2014,8,Nou Barris,46,el Turó de la Peira,12987,4916,6456,1615,0.37853237853237853,0.4971124971124971,0.12435512435512436
2014,8,Nou Barris,47,Can Peguera,1875,780,943,152,0.416,0.5029333333333333,0.08106666666666666
2014,8,Nou Barris,48,la Guineueta,12943,4108,6708,2127,0.3173916402688712,0.5182724252491694,0.16433593448195935
2014,8,Nou Barris,49,Canyelles,5972,2279,3041,652,0.3816141995981246,0.5092096450100468,0.10917615539182854
2014,8,Nou Barris,50,les Roquetes,12681,5343,6381,957,0.4213390111189969,0.5031937544357701,0.07546723444523303
2014,8,Nou Barris,51,Verdun,10253,4115,5125,1013,0.4013459475275529,0.4998537013557008,0.09880035111674632
2014,8,Nou Barris,52,la Prosperitat,22187,8542,11283,2362,0.38500022535719114,0.5085410375445081,0.10645873709830081
2014,8,Nou Barris,53,la Trinitat Nova,6050,2638,3061,351,0.4360330578512397,0.5059504132231405,0.058016528925619835
2014,8,Nou Barris,54,Torre Baró,1974,907,927,140,0.4594731509625127,0.4696048632218845,0.07092198581560284
2014,8,Nou Barris,55,Ciutat Meridiana,8199,3763,3954,482,0.45895840956214173,0.482253933406513,0.05878765703134529
2014,8,Nou Barris,56,Vallbona,1036,457,484,95,0.4411196911196911,0.4671814671814672,0.0916988416988417
2014,9,Sant Andreu,57,la Trinitat Vella,8217,3426,4107,684,0.4169404892296459,0.49981745162468055,0.0832420591456736
2014,9,Sant Andreu,58,Baró de Viver,1971,871,990,110,0.44190766108574325,0.502283105022831,0.05580923389142567
2014,9,Sant Andreu,59,el Bon Pastor,10092,3703,5180,1209,0.36692429647245345,0.5132778438367024,0.11979785969084424
2014,9,Sant Andreu,60,Sant Andreu,47836,11604,25497,10735,0.24257881093736935,0.5330086127602642,0.2244125763023664
2014,9,Sant Andreu,61,la Sagrera,24814,6355,13287,5172,0.2561054243572177,0.5354638510518256,0.2084307245909567
2014,9,Sant Andreu,62,el Congrés i els Indians,11899,3053,6190,2656,0.25657618287251027,0.5202117825027314,0.2232120346247584
2014,9,Sant Andreu,63,Navas,18777,4480,9972,4325,0.23858976407306812,0.5310752516376418,0.23033498428929008
2014,10,Sant Martí,64,el Camp de l'Arpa del Clot,33031,7456,16783,8792,0.2257273470376313,0.5080984529684236,0.2661741999939451
2014,10,Sant Martí,65,el Clot,22979,5374,12086,5519,0.23386570346838417,0.525958483833065,0.24017581269855084
2014,10,Sant Martí,66,el Parc i la Llacuna del Poblenou,12648,2637,6004,4007,0.20849146110056926,0.4746995572422517,0.316808981657179
2014,10,Sant Martí,67,la Vila Olímpica del Poblenou,7504,560,3002,3942,0.07462686567164178,0.40005330490405117,0.525319829424307
2014,10,Sant Martí,68,el Poblenou,27127,6215,13049,7863,0.22910753124193609,0.4810336565045895,0.2898588122534744
2014,10,Sant Martí,69,Diagonal Mar i el Front Marítim del Poblenou,10362,1827,4536,3999,0.17631731325998842,0.4377533294730747,0.3859293572669369
2014,10,Sant Martí,70,el Besòs i el Maresme,19012,8049,9179,1784,0.42336419103723966,0.4828003366294972,0.0938354723332632
2014,10,Sant Martí,71,Provençals del Poblenou,16887,4473,8860,3554,0.2648783087582164,0.5246639426777995,0.21045774856398414
2014,10,Sant Martí,72,Sant Martí de Provençals,22272,6901,11629,3742,0.30985093390804597,0.5221354166666666,0.16801364942528735
2014,10,Sant Martí,73,la Verneda i la Pau,24667,8773,12940,2954,0.3556573559816759,0.524587505574249,0.11975513844407508
2015,1,Ciutat Vella,1,el Raval,40055,15251,16077,8727,0.3807514667332418,0.4013731119710398,0.21787542129571838
2015,1,Ciutat Vella,2,el Barri Gòtic,14012,3001,5833,5178,0.2141735655152726,0.41628604053668283,0.36954039394804455
2015,1,Ciutat Vella,3,la Barceloneta,13417,4084,6103,3230,0.30438995304464483,0.45487068644257284,0.2407393605127823
2015,1,Ciutat Vella,4,"Sant Pere, Santa Caterina i la Ribera",19807,4564,7968,7275,0.2304235876205382,0.4022820215075478,0.36729439087191396
2015,2,Eixample,5,el Fort Pienc,27306,4583,12812,9911,0.16783857027759466,0.4692009082252985,0.36296052149710684
2015,2,Eixample,6,la Sagrada Família,44917,8396,21226,15295,0.18692254602934302,0.47256050047866066,0.34051695349199634
2015,2,Eixample,7,la Dreta de l'Eixample,37508,3907,15267,18334,0.1041644449184174,0.407033166257865,0.4888023888237176
2015,2,Eixample,8,l'Antiga Esquerra de l'Eixample,36445,4414,15716,16315,0.12111400740842365,0.4312251337632048,0.44766085882837153
2015,2,Eixample,9,la Nova Esquerra de l'Eixample,50536,7640,22982,19914,0.15117935728985277,0.4547649200569891,0.39405572265315814
2015,2,Eixample,10,Sant Antoni,33444,6754,15533,11157,0.20194952756847268,0.4644480325319938,0.33360243989953353
2015,3,Sants-Montjuïc,11,el Poble-sec,34660,10650,15925,8085,0.30727062896710905,0.45946335833814195,0.233266012694749
2015,3,Sants-Montjuïc,12,la Marina del Prat Vermell,934,476,408,50,0.5096359743040685,0.43683083511777304,0.05353319057815846
2015,3,Sants-Montjuïc,13,la Marina de Port,25096,8603,13002,3491,0.3428036340452662,0.5180905323557539,0.1391058335989799
2015,3,Sants-Montjuïc,14,la Font de la Guatlla,9046,2170,4352,2524,0.23988503205836834,0.48109661728940967,0.27901835065222197
2015,3,Sants-Montjuïc,15,Hostafrancs,13767,3537,6488,3742,0.25691871867509264,0.4712718820367546,0.27180939928815284
2015,3,Sants-Montjuïc,16,la Bordeta,15922,4250,8253,3419,0.2669262655445296,0.5183394045974123,0.21473432985805804
2015,3,Sants-Montjuïc,17,Sants - Badal,20945,5934,10154,4857,0.28331343996180475,0.48479350680353306,0.23189305323466222
2015,3,Sants-Montjuïc,18,Sants,35398,8198,16733,10467,0.23159500536753488,0.472710322617097,0.2956946720153681
2015,4,Les Corts,19,les Corts,39817,5647,18031,16139,0.14182384408669663,0.45284677399100887,0.4053293819222945
2015,4,Les Corts,20,la Maternitat i Sant Ramon,20562,3627,9430,7505,0.17639334695068573,0.45861297539149887,0.3649936776578154
2015,4,Les Corts,21,Pedralbes,9546,601,4024,4921,0.06295830714435366,0.4215378168866541,0.5155038759689923
2015,5,Sarrià-Sant Gervasi,22,"Vallvidrera, el Tibidabo i les Planes",3575,431,1652,1492,0.12055944055944055,0.4620979020979021,0.41734265734265735
2015,5,Sarrià-Sant Gervasi,23,Sarrià,19469,1654,8072,9743,0.08495557039395962,0.4146078381015974,0.500436591504443
2015,5,Sarrià-Sant Gervasi,24,les Tres Torres,13165,671,5667,6827,0.0509684770224079,0.4304595518420053,0.5185719711355867
2015,5,Sarrià-Sant Gervasi,25,Sant Gervasi - la Bonanova,20738,1606,9153,9979,0.07744237631401292,0.44136368020059796,0.48119394348538913
2015,5,Sarrià-Sant Gervasi,26,Sant Gervasi - Galvany,38614,2576,16552,19486,0.06671155539441653,0.4286528202206454,0.5046356243849381
2015,5,Sarrià-Sant Gervasi,27,el Putxet i el Farró,24337,1903,10764,11670,0.07819369684020216,0.44228951801783295,0.4795167851419649
2015,6,Gràcia,28,Vallcarca i els Penitents,13112,1927,6187,4998,0.1469646125686394,0.47185784014643073,0.38117754728492986
2015,6,Gràcia,29,el Coll,6214,1293,3155,1766,0.20807853234631477,0.5077244930801417,0.2841969745735436
2015,6,Gràcia,30,la Salut,11337,1657,5298,4382,0.14615859574843432,0.4673193966657846,0.3865220075857811
2015,6,Gràcia,31,la Vila de Gràcia,43950,7117,18569,18264,0.16193401592718998,0.4225028441410694,0.4155631399317406
2015,6,Gràcia,32,el Camp d'en Grassot i Gràcia Nova,29492,4533,13717,11242,0.153702699037027,0.4651091821510918,0.3811881188118812
2015,7,Horta-Guinardó,33,el Baix Guinardó,22225,4555,11086,6584,0.2049493813273341,0.49880764904386954,0.2962429696287964
2015,7,Horta-Guinardó,34,Can Baró,7563,1924,3753,1886,0.25439640354356735,0.4962316541055137,0.24937194235091895
2015,7,Horta-Guinardó,35,el Guinardó,30748,6493,15825,8430,0.2111682060621829,0.5146676206582542,0.2741641732795629
2015,7,Horta-Guinardó,36,la Font d'en Fargues,7863,1461,4071,2331,0.18580694391453645,0.5177413201068295,0.2964517359786341
2015,7,Horta-Guinardó,37,el Carmel,26463,9488,13960,3015,0.3585383365453652,0.5275290027585686,0.11393266069606621
2015,7,Horta-Guinardó,38,la Teixonera,9680,3113,5131,1436,0.3215909090909091,0.5300619834710744,0.14834710743801652
2015,7,Horta-Guinardó,39,Sant Genís dels Agudells,5772,1821,2929,1022,0.31548856548856546,0.5074497574497574,0.17706167706167705
2015,7,Horta-Guinardó,40,Montbau,4377,1267,2139,971,0.2894676719214074,0.4886908841672378,0.2218414439113548
2015,7,Horta-Guinardó,41,la Vall d'Hebron,4674,1051,2298,1325,0.2248609328198545,0.49165596919127086,0.2834830979888746
2015,7,Horta-Guinardó,42,la Clota,448,115,215,118,0.25669642857142855,0.4799107142857143,0.26339285714285715
2015,7,Horta-Guinardó,43,Horta,22713,6454,11416,4843,0.2841544489939682,0.5026196451371461,0.21322590586888565
2015,8,Nou Barris,44,Vilapicina i la Torre Llobeta,21933,5904,11445,4584,0.2691834222404596,0.5218164409793462,0.20900013678019422
2015,8,Nou Barris,45,Porta,20945,7002,10658,3285,0.3343041298639293,0.5088565290045357,0.15683934113153497
2015,8,Nou Barris,46,el Turó de la Peira,12910,4759,6510,1641,0.3686289697908598,0.5042602633617351,0.1271107668474051
2015,8,Nou Barris,47,Can Peguera,1870,768,938,164,0.4106951871657754,0.5016042780748663,0.0877005347593583
2015,8,Nou Barris,48,la Guineueta,12901,3963,6712,2226,0.30718548949693825,0.5202697465312767,0.17254476397178514
2015,8,Nou Barris,49,Canyelles,5918,2204,3034,680,0.3724231159175397,0.5126732004055424,0.11490368367691788
2015,8,Nou Barris,50,les Roquetes,12586,5237,6374,975,0.41609725091371363,0.5064357222310504,0.07746702685523597
2015,8,Nou Barris,51,Verdun,10270,4009,5198,1063,0.39036027263875367,0.5061343719571567,0.10350535540408957
2015,8,Nou Barris,52,la Prosperitat,22053,8290,11348,2415,0.3759125742529361,0.5145785153947309,0.10950891035233301
2015,8,Nou Barris,53,la Trinitat Nova,5996,2550,3029,417,0.42528352234823213,0.5051701134089392,0.06954636424282855
2015,8,Nou Barris,54,Torre Baró,2090,928,997,165,0.44401913875598087,0.47703349282296653,0.07894736842105263
2015,8,Nou Barris,55,Ciutat Meridiana,8233,3723,4011,499,0.4522045426940362,0.48718571602089156,0.06060974128507227
2015,8,Nou Barris,56,Vallbona,1035,458,482,95,0.442512077294686,0.46570048309178746,0.09178743961352658
2015,9,Sant Andreu,57,la Trinitat Vella,8064,3345,4011,708,0.4148065476190476,0.4973958333333333,0.08779761904761904
2015,9,Sant Andreu,58,Baró de Viver,1963,856,994,113,0.4360672440142639,0.5063678043810494,0.05756495160468671
2015,9,Sant Andreu,59,el Bon Pastor,9957,3544,5187,1226,0.35593050115496633,0.5209400421813799,0.12312945666365371
2015,9,Sant Andreu,60,Sant Andreu,47857,11366,25468,11023,0.2374992164155714,0.5321687527425455,0.2303320308418831
2015,9,Sant Andreu,61,la Sagrera,24879,6195,13241,5443,0.24900518509586397,0.5322159250773745,0.21877888982676152
2015,9,Sant Andreu,62,el Congrés i els Indians,11952,2965,6216,2771,0.2480756358768407,0.5200803212851406,0.23184404283801874
2015,9,Sant Andreu,63,Navas,18960,4408,10072,4480,0.23248945147679326,0.5312236286919831,0.23628691983122363
2015,10,Sant Martí,64,el Camp de l'Arpa del Clot,33277,7274,16890,9113,0.21858941611323135,0.5075577726357544,0.27385281125101424
2015,10,Sant Martí,65,el Clot,22891,5187,12019,5685,0.22659560525970907,0.525053514481674,0.24835088025861693
2015,10,Sant Martí,66,el Parc i la Llacuna del Poblenou,12657,2545,5996,4116,0.20107450422691,0.4737299518053251,0.3251955439677649
2015,10,Sant Martí,67,la Vila Olímpica del Poblenou,7488,536,2958,3994,0.07158119658119658,0.39503205128205127,0.5333867521367521
2015,10,Sant Martí,68,el Poblenou,27377,5940,13117,8320,0.21697044964751433,0.4791248127990649,0.30390473755342073
2015,10,Sant Martí,69,Diagonal Mar i el Front Marítim del Poblenou,10473,1773,4596,4104,0.16929246634202233,0.4388427384703523,0.39186479518762535
2015,10,Sant Martí,70,el Besòs i el Maresme,18864,7769,9186,1909,0.41184266327396096,0.4869592875318066,0.1011980491942324
2015,10,Sant Martí,71,Provençals del Poblenou,16903,4301,8837,3765,0.25445187244867773,0.522806602378276,0.2227415251730462
2015,10,Sant Martí,72,Sant Martí de Provençals,22242,6703,11641,3898,0.30136678356262925,0.5233791925186584,0.17525402391871234
2015,10,Sant Martí,73,la Verneda i la Pau,24545,8592,12913,3040,0.35005092686901607,0.526094927683846,0.12385414544713791
2016,1,Ciutat Vella,1,el Raval,40202,14781,16125,9296,0.3676682752101885,0.40109944778866724,0.2312322770011442
2016,1,Ciutat Vella,2,el Barri Gòtic,14217,2930,5825,5462,0.20609129914890623,0.4097207568404023,0.38418794401069145
2016,1,Ciutat Vella,3,la Barceloneta,13537,3974,6061,3502,0.29356578266972,0.44773583511856396,0.25869838221171604
2016,1,Ciutat Vella,4,"Sant Pere, Santa Caterina i la Ribera",19816,4378,7865,7573,0.22093257973354866,0.39690149374243033,0.382165926524021
2016,2,Eixample,5,el Fort Pienc,27422,4442,12690,10290,0.16198672598643424,0.4627671212894756,0.3752461527240901
2016,2,Eixample,6,la Sagrada Família,45072,8197,20918,15957,0.1818645722399716,0.4641018814341498,0.3540335463258786
2016,2,Eixample,7,la Dreta de l'Eixample,37500,3789,14866,18845,0.10104,0.39642666666666665,0.5025333333333334
2016,2,Eixample,8,l'Antiga Esquerra de l'Eixample,36495,4271,15433,16791,0.1170297301000137,0.42287984655432254,0.4600904233456638
2016,2,Eixample,9,la Nova Esquerra de l'Eixample,50486,7373,22619,20494,0.14604048647149706,0.44802519510359307,0.4059343184249099
2016,2,Eixample,10,Sant Antoni,33551,6586,15411,11554,0.19629817293076213,0.45933057136896066,0.3443712557002772
2016,3,Sants-Montjuïc,11,el Poble-sec,34680,10359,15870,8451,0.2987024221453287,0.45761245674740486,0.24368512110726642
2016,3,Sants-Montjuïc,12,la Marina del Prat Vermell,971,491,429,51,0.505664263645726,0.44181256436663235,0.05252317198764161
2016,3,Sants-Montjuïc,13,la Marina de Port,25364,8722,13032,3610,0.3438732061189087,0.5137990853177732,0.14232770856331808
2016,3,Sants-Montjuïc,14,la Font de la Guatlla,9010,2096,4314,2600,0.23263041065482798,0.4788013318534961,0.2885682574916759
2016,3,Sants-Montjuïc,15,Hostafrancs,13888,3463,6439,3986,0.2493519585253456,0.4636376728110599,0.2870103686635945
2016,3,Sants-Montjuïc,16,la Bordeta,15989,4193,8198,3598,0.2622427919194446,0.5127275001563575,0.22502970792419788
2016,3,Sants-Montjuïc,17,Sants - Badal,20886,5782,10088,5016,0.2768361581920904,0.483002968495643,0.2401608733122666
2016,3,Sants-Montjuïc,18,Sants,35449,7948,16539,10962,0.22420942762842394,0.4665575897768625,0.30923298259471355
2016,4,Les Corts,19,les Corts,39622,5498,17663,16461,0.138761294230478,0.44578769370551713,0.41545101206400487
2016,4,Les Corts,20,la Maternitat i Sant Ramon,20568,3566,9296,7706,0.17337611824192922,0.45196421625826527,0.3746596654998055
2016,4,Les Corts,21,Pedralbes,9615,653,3946,5016,0.06791471658866355,0.4104004160166407,0.5216848673946958
2016,5,Sarrià-Sant Gervasi,22,"Vallvidrera, el Tibidabo i les Planes",3601,440,1637,1524,0.12218828103304638,0.4545959455706748,0.4232157733962788
2016,5,Sarrià-Sant Gervasi,23,Sarrià,19568,1718,7959,9891,0.08779640228945217,0.40673548650858543,0.5054681112019623
2016,5,Sarrià-Sant Gervasi,24,les Tres Torres,13006,722,5389,6895,0.05551284022758727,0.4143472243579886,0.5301399354144241
2016,5,Sarrià-Sant Gervasi,25,Sant Gervasi - la Bonanova,20992,1600,9063,10329,0.07621951219512195,0.4317358993902439,0.49204458841463417
2016,5,Sarrià-Sant Gervasi,26,Sant Gervasi - Galvany,38850,2616,16310,19924,0.06733590733590733,0.4198198198198198,0.5128442728442728
2016,5,Sarrià-Sant Gervasi,27,el Putxet i el Farró,24441,1861,10614,11966,0.07614254735894603,0.43427028353995334,0.4895871691011006
2016,6,Gràcia,28,Vallcarca i els Penitents,13181,1915,6114,5152,0.14528487975115698,0.4638494803125711,0.3908656399362719
2016,6,Gràcia,29,el Coll,6272,1300,3132,1840,0.2072704081632653,0.49936224489795916,0.29336734693877553
2016,6,Gràcia,30,la Salut,11258,1625,5152,4481,0.14434180138568128,0.45763012968555694,0.39802806892876175
2016,6,Gràcia,31,la Vila de Gràcia,43931,6865,18164,18902,0.15626778356968882,0.4134665725797273,0.43026564385058386
2016,6,Gràcia,32,el Camp d'en Grassot i Gràcia Nova,29750,4464,13624,11662,0.15005042016806722,0.4579495798319328,0.392
2016,7,Horta-Guinardó,33,el Baix Guinardó,22273,4423,11050,6800,0.19858124186234455,0.4961163740852153,0.3053023840524402
2016,7,Horta-Guinardó,34,Can Baró,7725,1943,3809,1973,0.2515210355987055,0.4930744336569579,0.25540453074433656
2016,7,Horta-Guinardó,35,el Guinardó,30962,6362,15830,8770,0.20547768232026356,0.5112718816613914,0.28325043601834504
2016,7,Horta-Guinardó,36,la Font d'en Fargues,7829,1423,4048,2358,0.1817601226210244,0.5170519862051347,0.30118789117384087
2016,7,Horta-Guinardó,37,el Carmel,26555,9440,13972,3143,0.355488608548296,0.5261532668047448,0.11835812464695915
2016,7,Horta-Guinardó,38,la Teixonera,9638,3078,5074,1486,0.31936086324963686,0.526457771321851,0.15418136542851213
2016,7,Horta-Guinardó,39,Sant Genís dels Agudells,5756,1789,2897,1070,0.31080611535788744,0.5033009034051424,0.18589298123697012
2016,7,Horta-Guinardó,40,Montbau,4387,1228,2146,1013,0.27991793936630954,0.48917255527695463,0.23090950535673582
2016,7,Horta-Guinardó,41,la Vall d'Hebron,4822,1038,2346,1438,0.21526337619245126,0.48652011613438406,0.29821650767316465
2016,7,Horta-Guinardó,42,la Clota,488,121,236,131,0.24795081967213115,0.48360655737704916,0.26844262295081966
2016,7,Horta-Guinardó,43,Horta,22764,6377,11437,4950,0.2801353013530135,0.5024160955895274,0.21744860305745914
2016,8,Nou Barris,44,Vilapicina i la Torre Llobeta,21962,5840,11383,4739,0.265913851197523,0.5183043438666788,0.2157818049357982
2016,8,Nou Barris,45,Porta,21129,6916,10774,3439,0.32732263713379717,0.5099152823134081,0.16276208055279473
2016,8,Nou Barris,46,el Turó de la Peira,12942,4655,6584,1703,0.35968165662185136,0.5087312625560192,0.1315870808221295
2016,8,Nou Barris,47,Can Peguera,1885,785,948,152,0.41644562334217505,0.5029177718832891,0.08063660477453581
2016,8,Nou Barris,48,la Guineueta,12855,3881,6711,2263,0.3019058732010891,0.5220536756126021,0.17604045118630882
2016,8,Nou Barris,49,Canyelles,5975,2231,3053,691,0.3733891213389121,0.5109623430962343,0.11564853556485355
2016,8,Nou Barris,50,les Roquetes,12711,5244,6441,1026,0.4125560538116592,0.5067264573991032,0.08071748878923767
2016,8,Nou Barris,51,Verdun,10368,4017,5245,1106,0.38744212962962965,0.505883487654321,0.10667438271604938
2016,8,Nou Barris,52,la Prosperitat,22280,8278,11445,2557,0.3715439856373429,0.5136894075403949,0.11476660682226211
2016,8,Nou Barris,53,la Trinitat Nova,5990,2515,3050,425,0.41986644407345575,0.5091819699499165,0.0709515859766277
2016,8,Nou Barris,54,Torre Baró,2165,966,1020,179,0.446189376443418,0.47113163972286376,0.08267898383371824
2016,8,Nou Barris,55,Ciutat Meridiana,8160,3657,3988,515,0.44816176470588237,0.4887254901960784,0.06311274509803921
2016,8,Nou Barris,56,Vallbona,1054,472,493,89,0.4478178368121442,0.46774193548387094,0.08444022770398482
2016,9,Sant Andreu,57,la Trinitat Vella,8098,3379,3965,754,0.4172635218572487,0.4896270684119536,0.09310940973079773
2016,9,Sant Andreu,58,Baró de Viver,1999,868,1026,105,0.43421710855427714,0.5132566283141571,0.05252626313156578
2016,9,Sant Andreu,59,el Bon Pastor,10047,3568,5212,1267,0.35513088484124616,0.5187618194485916,0.12610729571016224
2016,9,Sant Andreu,60,Sant Andreu,47911,11220,25347,11344,0.23418421656822025,0.529043434701843,0.23677234872993677
2016,9,Sant Andreu,61,la Sagrera,24806,6062,13114,5630,0.24437636055792952,0.5286624203821656,0.22696121905990485
2016,9,Sant Andreu,62,el Congrés i els Indians,11975,2887,6233,2855,0.24108559498956159,0.5205010438413361,0.2384133611691023
2016,9,Sant Andreu,63,Navas,19024,4375,9995,4654,0.22997266610597142,0.5253889823380993,0.24463835155592936
2016,10,Sant Martí,64,el Camp de l'Arpa del Clot,33235,7120,16655,9460,0.21423198435384383,0.5011283285692794,0.2846396870768768
2016,10,Sant Martí,65,el Clot,22933,5118,11931,5884,0.22317184842802948,0.5202546548641696,0.256573496707801
2016,10,Sant Martí,66,el Parc i la Llacuna del Poblenou,12774,2552,5987,4235,0.19978080475966808,0.46868639423829656,0.33153280100203536
2016,10,Sant Martí,67,la Vila Olímpica del Poblenou,7507,585,2895,4027,0.0779272678833089,0.38564006926868255,0.5364326628480085
2016,10,Sant Martí,68,el Poblenou,27533,5823,12994,8716,0.21149166454799695,0.4719427595975738,0.31656557585442924
2016,10,Sant Martí,69,Diagonal Mar i el Front Marítim del Poblenou,10467,1729,4550,4188,0.16518582210757618,0.43469953186204263,0.4001146460303812
2016,10,Sant Martí,70,el Besòs i el Maresme,18932,7723,9213,1996,0.40793365729980985,0.48663638284386224,0.10542995985632792
2016,10,Sant Martí,71,Provençals del Poblenou,17076,4307,8842,3927,0.2522253455141719,0.5178027641133754,0.22997189037245255
2016,10,Sant Martí,72,Sant Martí de Provençals,22286,6616,11609,4061,0.29686798887193755,0.5209099883334829,0.18222202279457955
2016,10,Sant Martí,73,la Verneda i la Pau,24541,8514,12883,3144,0.34692962796952037,0.5249582331608329,0.1281121388696467
2017,1,Ciutat Vella,1,el Raval,40754,13594,17138,10022,0.33356234970800414,0.42052313883299797,0.2459145114589979
2017,1,Ciutat Vella,2,el Barri Gòtic,14669,2827,6108,5734,0.1927193401049833,0.41638830186106757,0.39089235803394917
2017,1,Ciutat Vella,3,la Barceloneta,13606,3665,6178,3763,0.269366455975305,0.4540643833602822,0.2765691606644128
2017,1,Ciutat Vella,4,"Sant Pere, Santa Caterina i la Ribera",20309,4082,8055,8172,0.2009946329213649,0.3966221872076419,0.40238317987099315
2017,2,Eixample,5,el Fort Pienc,27801,4209,12846,10746,0.15139743174705947,0.46206970972267186,0.3865328585302687
2017,2,Eixample,6,la Sagrada Família,45338,7691,21065,16582,0.16963694913758878,0.4646212889849574,0.3657417618774538
2017,2,Eixample,7,la Dreta de l'Eixample,37927,3551,14959,19417,0.09362723126005221,0.3944155878397975,0.5119571809001503
2017,2,Eixample,8,l'Antiga Esquerra de l'Eixample,37005,3973,15553,17479,0.10736386974733145,0.42029455478989325,0.4723415754627753
2017,2,Eixample,9,la Nova Esquerra de l'Eixample,51007,6927,22710,21370,0.13580488952496717,0.44523300723430115,0.4189621032407317
2017,2,Eixample,10,Sant Antoni,33746,6194,15485,12067,0.18354767972500444,0.45886919931251113,0.35758312096248446
2017,3,Sants-Montjuïc,11,el Poble-sec,34838,9652,16208,8978,0.27705379183650036,0.46523910672254437,0.25770710144095527
2017,3,Sants-Montjuïc,12,la Marina del Prat Vermell,971,477,441,53,0.49124613800205974,0.45417095777548916,0.05458290422245108
2017,3,Sants-Montjuïc,13,la Marina de Port,25525,8507,13263,3755,0.333281096963761,0.5196082272282077,0.14711067580803133
2017,3,Sants-Montjuïc,14,la Font de la Guatlla,9106,2018,4341,2747,0.22161212387436854,0.4767186470459038,0.30166922907972765
2017,3,Sants-Montjuïc,15,Hostafrancs,13873,3203,6483,4187,0.2308801268651337,0.46731060333020974,0.30180926980465655
2017,3,Sants-Montjuïc,16,la Bordeta,16024,3977,8321,3726,0.24819021467798302,0.519283574638043,0.23252621068397403
2017,3,Sants-Montjuïc,17,Sants - Badal,20999,5486,10233,5280,0.2612505357397971,0.48730891947235583,0.25144054478784705
2017,3,Sants-Montjuïc,18,Sants,35703,7389,16862,11452,0.206957398537938,0.4722852421365151,0.3207573593255469
2017,4,Les Corts,19,les Corts,39672,5124,17626,16922,0.12915910465819722,0.4442932042750555,0.42654769106674734
2017,4,Les Corts,20,la Maternitat i Sant Ramon,20618,3410,9337,7871,0.16538946551556893,0.45285672713163255,0.3817538073527985
2017,4,Les Corts,21,Pedralbes,9727,603,3969,5155,0.061992392310064766,0.4080394777423666,0.5299681299475686
2017,5,Sarrià-Sant Gervasi,22,"Vallvidrera, el Tibidabo i les Planes",3655,413,1688,1554,0.11299589603283174,0.4618331053351573,0.42517099863201097
2017,5,Sarrià-Sant Gervasi,23,Sarrià,19736,1666,8019,10051,0.08441426834211593,0.4063133360356709,0.5092723956222133
2017,5,Sarrià-Sant Gervasi,24,les Tres Torres,13219,702,5468,7049,0.05310537862168092,0.41364702322414704,0.533247598154172
2017,5,Sarrià-Sant Gervasi,25,Sant Gervasi - la Bonanova,20964,1454,8975,10535,0.06935699294027857,0.4281148635756535,0.5025281434840679
2017,5,Sarrià-Sant Gervasi,26,Sant Gervasi - Galvany,39320,2476,16358,20486,0.062970498474059,0.41602238046795526,0.5210071210579857
2017,5,Sarrià-Sant Gervasi,27,el Putxet i el Farró,24540,1726,10587,12227,0.07033414832925836,0.4314180929095355,0.4982477587612062
2017,6,Gràcia,28,Vallcarca i els Penitents,13302,1844,6190,5268,0.13862577056081793,0.46534355735979555,0.3960306720793866
2017,6,Gràcia,29,el Coll,6270,1228,3160,1882,0.19585326953748006,0.5039872408293461,0.30015948963317385
2017,6,Gràcia,30,la Salut,11302,1553,5190,4559,0.13740930808706422,0.45921075915767123,0.40337993275526457
2017,6,Gràcia,31,la Vila de Gràcia,44058,6426,18046,19586,0.14585319351763584,0.409596441054973,0.4445503654273912
2017,6,Gràcia,32,el Camp d'en Grassot i Gràcia Nova,29808,4155,13657,11996,0.13939210950080516,0.4581655931293612,0.4024422973698336
2017,7,Horta-Guinardó,33,el Baix Guinardó,22421,4169,11156,7096,0.18594175103697427,0.497569243120289,0.3164890058427367
2017,7,Horta-Guinardó,34,Can Baró,7771,1826,3899,2046,0.23497619354008492,0.5017372281559644,0.2632865783039506
2017,7,Horta-Guinardó,35,el Guinardó,31191,5956,16073,9162,0.1909525183546536,0.515308903209259,0.2937385784360873
2017,7,Horta-Guinardó,36,la Font d'en Fargues,7834,1344,4065,2425,0.17155986724534084,0.5188920091907072,0.309548123563952
2017,7,Horta-Guinardó,37,el Carmel,26689,9010,14312,3367,0.33759226647682566,0.5362508898797257,0.12615684364344862
2017,7,Horta-Guinardó,38,la Teixonera,9922,2990,5280,1652,0.3013505341664987,0.532150776053215,0.16649868978028623
2017,7,Horta-Guinardó,39,Sant Genís dels Agudells,5854,1703,3006,1145,0.29091219678852065,0.5134950461223096,0.1955927570891698
2017,7,Horta-Guinardó,40,Montbau,4448,1185,2189,1074,0.2664118705035971,0.4921312949640288,0.2414568345323741
2017,7,Horta-Guinardó,41,la Vall d'Hebron,4940,1018,2424,1498,0.20607287449392714,0.49068825910931174,0.3032388663967611
2017,7,Horta-Guinardó,42,la Clota,513,116,247,150,0.22612085769980506,0.48148148148148145,0.29239766081871343
2017,7,Horta-Guinardó,43,Horta,22871,6049,11583,5239,0.2644834069345459,0.5064492151633072,0.22906737790214682
2017,8,Nou Barris,44,Vilapicina i la Torre Llobeta,22017,5547,11649,4821,0.25194168142798745,0.5290911568333561,0.2189671617386565
2017,8,Nou Barris,45,Porta,21431,6723,11113,3595,0.31370444682935933,0.5185478979049041,0.16774765526573654
2017,8,Nou Barris,46,el Turó de la Peira,13044,4446,6765,1833,0.3408463661453542,0.5186292548298068,0.140524379024839
2017,8,Nou Barris,47,Can Peguera,1898,761,967,170,0.40094836670179135,0.5094836670179136,0.08956796628029505
2017,8,Nou Barris,48,la Guineueta,13001,3778,6931,2292,0.2905930313052842,0.5331128374740405,0.17629413122067533
2017,8,Nou Barris,49,Canyelles,5904,2148,3069,687,0.3638211382113821,0.5198170731707317,0.11636178861788618
2017,8,Nou Barris,50,les Roquetes,12894,5063,6680,1151,0.3926632542267721,0.5180704203505506,0.08926632542267722
2017,8,Nou Barris,51,Verdun,10469,3823,5468,1178,0.3651733689941733,0.5223039449804184,0.11252268602540835
2017,8,Nou Barris,52,la Prosperitat,22474,7963,11845,2666,0.3543205481890184,0.5270534840259856,0.118625967784996
2017,8,Nou Barris,53,la Trinitat Nova,6002,2378,3166,458,0.3962012662445851,0.5274908363878708,0.07630789736754415
2017,8,Nou Barris,54,Torre Baró,2204,943,1063,198,0.4278584392014519,0.4823049001814882,0.08983666061705989
2017,8,Nou Barris,55,Ciutat Meridiana,8373,3566,4248,559,0.4258927505075839,0.5073450376209244,0.0667622118714917
2017,8,Nou Barris,56,Vallbona,1081,468,518,95,0.43293246993524515,0.4791859389454209,0.08788159111933395
2017,9,Sant Andreu,57,la Trinitat Vella,8089,3191,4124,774,0.39448633947335887,0.5098281617010756,0.09568549882556558
2017,9,Sant Andreu,58,Baró de Viver,2022,837,1064,121,0.413946587537092,0.5262116716122651,0.05984174085064293
2017,9,Sant Andreu,59,el Bon Pastor,10015,3387,5321,1307,0.3381927109335996,0.53130304543185225,0.13050424363454818
2017,9,Sant Andreu,60,Sant Andreu,48262,10770,25708,11784,0.2231569350627823,0.5326758111972152,0.24416725374000248
2017,9,Sant Andreu,61,la Sagrera,25076,5824,13380,5872,0.23225394799808582,0.5335779231137342,0.23416812888817992
2017,9,Sant Andreu,62,el Congrés i els Indians,12047,2702,6392,2953,0.22428820453224868,0.5305885282642981,0.24512326720345315
2017,9,Sant Andreu,63,Navas,19099,4124,10135,4840,0.21592753547306143,0.5306560552908529,0.25341640923608566
2017,10,Sant Martí,64,el Camp de l'Arpa del Clot,33359,6702,16689,9968,0.2009053029167541,0.5002847807188465,0.2988099163643994
2017,10,Sant Martí,65,el Clot,23060,4834,12111,6115,0.20962705984388552,0.5251951431049436,0.26517779705117084
2017,10,Sant Martí,66,el Parc i la Llacuna del Poblenou,13042,2396,6117,4529,0.18371415427081736,0.4690231559576752,0.3472626897715074
2017,10,Sant Martí,67,la Vila Olímpica del Poblenou,7581,548,2926,4107,0.07228597810315261,0.38596491228070173,0.5417491096161456
2017,10,Sant Martí,68,el Poblenou,27751,5427,13201,9123,0.1955605203416093,0.47569456956506073,0.32874491009332996
2017,10,Sant Martí,69,Diagonal Mar i el Front Marítim del Poblenou,10653,1660,4640,4353,0.15582465033323947,0.4355580587627898,0.4086172909039707
2017,10,Sant Martí,70,el Besòs i el Maresme,19130,7428,9534,2168,0.3882906429691584,0.49837950862519603,0.11332984840564558
2017,10,Sant Martí,71,Provençals del Poblenou,17189,4149,8953,4087,0.2413752981557973,0.5208563616266216,0.237768340217581
2017,10,Sant Martí,72,Sant Martí de Provençals,22423,6300,11848,4275,0.2809615127324622,0.5283860321990813,0.1906524550684565
2017,10,Sant Martí,73,la Verneda i la Pau,24565,8138,13121,3306,0.33128434764909426,0.5341339303887646,0.13458172196214127
2018,1,Ciutat Vella,1,el Raval,40419,12553,17297,10569,0.31057176080556176,0.42794230436181,0.2614859348326282
2018,1,Ciutat Vella,2,el Barri Gòtic,15444,3135,6395,5914,0.202991452991453,0.4140766640766641,0.3829318829318829
2018,1,Ciutat Vella,3,la Barceloneta,13421,3431,6103,3887,0.2556441397809403,0.4547351166083004,0.28962074361075923
2018,1,Ciutat Vella,4,"Sant Pere, Santa Caterina i la Ribera",20049,3884,7921,8244,0.19372537283655045,0.395082048979999,0.41119257818345056
2018,2,Eixample,5,el Fort Pienc,27845,4034,12795,11016,0.144873406356617,0.4595079906625965,0.3956186029807865
2018,2,Eixample,6,la Sagrada Família,45416,7210,20953,17253,0.15875462392108508,0.4613572309318302,0.37988814514708474
2018,2,Eixample,7,la Dreta de l'Eixample,37727,3320,14783,19624,0.08800063614917698,0.3918413868052058,0.5201579770456172
2018,2,Eixample,8,l'Antiga Esquerra de l'Eixample,37095,3725,15433,17937,0.10041784607089904,0.4160398975603181,0.48354225636878284
2018,2,Eixample,9,la Nova Esquerra de l'Eixample,50989,6510,22411,22068,0.12767459648159407,0.43952617231167507,0.43279923120673086
2018,2,Eixample,10,Sant Antoni,33714,5769,15537,12408,0.17111585691404163,0.4608471258231002,0.36803701726285815
2018,3,Sants-Montjuïc,11,el Poble-sec,34460,8967,16039,9454,0.2602147417295415,0.46543818920487523,0.27434706906558326
2018,3,Sants-Montjuïc,12,la Marina del Prat Vermell,981,457,463,61,0.4658511722731906,0.47196738022426094,0.06218144750254842
2018,3,Sants-Montjuïc,13,la Marina de Port,25677,8244,13436,3997,0.32106554504030843,0.5232698523970869,0.15566460256260467
2018,3,Sants-Montjuïc,14,la Font de la Guatlla,9061,1882,4380,2799,0.20770334400176582,0.4833903542655336,0.30890630173270056
2018,3,Sants-Montjuïc,15,Hostafrancs,13893,3036,6447,4410,0.21852731591448932,0.4640466421939106,0.31742604189160006
2018,3,Sants-Montjuïc,16,la Bordeta,16257,3882,8440,3935,0.23878944454696438,0.5191609768099895,0.24204957864304608
2018,3,Sants-Montjuïc,17,Sants - Badal,20964,5167,10254,5543,0.24647013928639572,0.4891242129364625,0.26440564777714176
2018,3,Sants-Montjuïc,18,Sants,35827,7018,16933,11876,0.19588578446423088,0.4726323722332319,0.3314818433025372
2018,4,Les Corts,19,les Corts,39656,4789,17472,17395,0.12076356667339117,0.44058906596731895,0.4386473673592899
2018,4,Les Corts,20,la Maternitat i Sant Ramon,20586,3273,9213,8100,0.15899154765374526,0.44753716117749925,0.39347129116875545
2018,4,Les Corts,21,Pedralbes,9693,590,3884,5219,0.06086866811100795,0.4007015371917879,0.5384297946972042
2018,5,Sarrià-Sant Gervasi,22,"Vallvidrera, el Tibidabo i les Planes",3663,398,1674,1591,0.10865410865410866,0.457002457002457,0.43434343434343436
2018,5,Sarrià-Sant Gervasi,23,Sarrià,19763,1608,7924,10231,0.0813641653595102,0.4009512725800739,0.5176845620604159
2018,5,Sarrià-Sant Gervasi,24,les Tres Torres,13204,636,5395,7173,0.048167222053923056,0.40858830657376555,0.5432444713723115
2018,5,Sarrià-Sant Gervasi,25,Sant Gervasi - la Bonanova,20953,1330,8856,10767,0.06347539731780652,0.4226602395838305,0.513864363098363
2018,5,Sarrià-Sant Gervasi,26,Sant Gervasi - Galvany,39360,2301,16216,20843,0.05846036585365854,0.4119918699186992,0.5295477642276423
2018,5,Sarrià-Sant Gervasi,27,el Putxet i el Farró,24602,1632,10471,12499,0.06633607023819202,0.4256158035932038,0.5080481261686042
2018,6,Gràcia,28,Vallcarca i els Penitents,13426,1747,6230,5449,0.13012066140324743,0.4640250260688217,0.40585431252793086
2018,6,Gràcia,29,el Coll,6315,1201,3148,1966,0.19018210609659542,0.4984956452889945,0.31132224861441016
2018,6,Gràcia,30,la Salut,11335,1502,5163,4670,0.1325099250110278,0.45549183943537713,0.41199823555359505
2018,6,Gràcia,31,la Vila de Gràcia,43694,5985,17768,19941,0.13697532842037807,0.40664622144916923,0.4563784501304527
2018,6,Gràcia,32,el Camp d'en Grassot i Gràcia Nova,29982,3917,13634,12431,0.130645053698886,0.4547395103728904,0.4146154359282236
2018,7,Horta-Guinardó,33,el Baix Guinardó,22516,4000,11181,7335,0.17765144785930007,0.49658020962870847,0.3257683425119915
2018,7,Horta-Guinardó,34,Can Baró,7810,1729,3888,2193,0.22138284250960308,0.4978233034571063,0.28079385403329066
2018,7,Horta-Guinardó,35,el Guinardó,31580,5645,16316,9619,0.17875237492083598,0.5166561114629512,0.3045915136162128
2018,7,Horta-Guinardó,36,la Font d'en Fargues,7895,1265,4094,2536,0.16022799240025332,0.518556048131729,0.32121595946801773
2018,7,Horta-Guinardó,37,el Carmel,26932,8665,14603,3664,0.32173622456557255,0.5422174365067578,0.13604633892766968
2018,7,Horta-Guinardó,38,la Teixonera,9941,2833,5308,1800,0.28498139020219293,0.5339503068101801,0.181068302987627
2018,7,Horta-Guinardó,39,Sant Genís dels Agudells,6002,1670,3116,1216,0.2782405864711763,0.5191602799066978,0.20259913362212595
2018,7,Horta-Guinardó,40,Montbau,4425,1105,2208,1112,0.2497175141242938,0.49898305084745764,0.2512994350282486
2018,7,Horta-Guinardó,41,la Vall d'Hebron,4925,977,2447,1501,0.1983756345177665,0.4968527918781726,0.30477157360406093
2018,7,Horta-Guinardó,42,la Clota,549,113,275,161,0.2058287795992714,0.5009107468123861,0.29326047358834245
2018,7,Horta-Guinardó,43,Horta,22912,5795,11692,5425,0.25292423184357543,0.510300279329609,0.23677548882681565
2018,8,Nou Barris,44,Vilapicina i la Torre Llobeta,22087,5322,11746,5019,0.2409562185901209,0.5318060397518902,0.22723774165798885
2018,8,Nou Barris,45,Porta,21843,6527,11461,3855,0.298814265439729,0.5246989882342169,0.1764867463260541
2018,8,Nou Barris,46,el Turó de la Peira,13066,4192,6916,1958,0.3208326955456911,0.5293127200367366,0.14985458441757232
2018,8,Nou Barris,47,Can Peguera,1885,725,981,179,0.38461538461538464,0.5204244031830239,0.09496021220159151
2018,8,Nou Barris,48,la Guineueta,13064,3657,7010,2397,0.27992957746478875,0.536589099816289,0.18348132271892223
2018,8,Nou Barris,49,Canyelles,5930,2077,3120,733,0.3502529510961214,0.5261382799325464,0.1236087689713322
2018,8,Nou Barris,50,les Roquetes,12988,4936,6838,1214,0.380043116723129,0.5264859870649831,0.0934708962118879
2018,8,Nou Barris,51,Verdun,10545,3655,5641,1249,0.34660976766239926,0.534945471787577,0.1184447605500237
2018,8,Nou Barris,52,la Prosperitat,22601,7654,12162,2785,0.33865758152294145,0.5381177823990089,0.12322463607804965
2018,8,Nou Barris,53,la Trinitat Nova,6085,2303,3266,516,0.37847165160230073,0.5367296631059983,0.0847986852917009
2018,8,Nou Barris,54,Torre Baró,2233,924,1112,197,0.41379310344827586,0.4979847738468428,0.08822212270488132
2018,8,Nou Barris,55,Ciutat Meridiana,8580,3495,4459,626,0.40734265734265734,0.5196969696969697,0.07296037296037296
2018,8,Nou Barris,56,Vallbona,1087,457,529,101,0.4204231830726771,0.48666053357865685,0.09291628334866606
2018,9,Sant Andreu,57,la Trinitat Vella,8094,3089,4190,815,0.38164072152211514,0.517667407956511,0.10069187052137386
2018,9,Sant Andreu,58,Baró de Viver,2030,809,1085,136,0.3985221674876847,0.5344827586206896,0.06699507389162561
2018,9,Sant Andreu,59,el Bon Pastor,10139,3260,5491,1388,0.32153072295098134,0.5415721471545517,0.13689712989446692
2018,9,Sant Andreu,60,Sant Andreu,48684,10323,25978,12383,0.21204091693369484,0.5336044696409498,0.25435461342535537
2018,9,Sant Andreu,61,la Sagrera,25226,5584,13504,6138,0.22135891540474115,0.5353207008641877,0.24332038373107112
2018,9,Sant Andreu,62,el Congrés i els Indians,12115,2540,6458,3117,0.20965744944283946,0.5330581923235659,0.2572843582335947
2018,9,Sant Andreu,63,Navas,19083,3891,10094,5098,0.2038987580569093,0.5289524707855159,0.2671487711575748
2018,10,Sant Martí,64,el Camp de l'Arpa del Clot,33471,6336,16736,10399,0.189298198440441,0.5000149383048011,0.31068686325475786
2018,10,Sant Martí,65,el Clot,23076,4573,12084,6419,0.19817126018374068,0.5236609464378575,0.2781677933784018
2018,10,Sant Martí,66,el Parc i la Llacuna del Poblenou,13219,2357,6177,4685,0.178303956426356,0.46728194265829487,0.35441410091534914
2018,10,Sant Martí,67,la Vila Olímpica del Poblenou,7594,510,2959,4125,0.06715828285488544,0.3896497234658941,0.5431919936792204
2018,10,Sant Martí,68,el Poblenou,27767,5060,13187,9520,0.18223070551373932,0.47491626751179455,0.34285302697446607
2018,10,Sant Martí,69,Diagonal Mar i el Front Marítim del Poblenou,10662,1592,4676,4394,0.14931532545488652,0.4385668730069405,0.41211780153817296
2018,10,Sant Martí,70,el Besòs i el Maresme,19601,7324,9937,2340,0.37365440538748024,0.5069639304117137,0.11938166420080608
2018,10,Sant Martí,71,Provençals del Poblenou,17273,3933,9011,4329,0.22769640479360853,0.5216812366120535,0.25062235859433796
2018,10,Sant Martí,72,Sant Martí de Provençals,22354,6054,11868,4432,0.2708240135993558,0.5309116936566163,0.1982642927440279
2018,10,Sant Martí,73,la Verneda i la Pau,24594,7859,13250,3485,0.3195494836138896,0.538749288444336,0.14170122794177442
2019,1,Ciutat Vella,1,el Raval,41084,12005,17916,11163,0.2922062116639081,0.4360821731087528,0.2717116152273391
2019,1,Ciutat Vella,2,el Barri Gòtic,17469,3696,7359,6414,0.21157478962733986,0.42126051863300706,0.3671646917396531
2019,1,Ciutat Vella,3,la Barceloneta,13766,3289,6287,4190,0.23892198169402876,0.45670492517797473,0.3043730931279965
2019,1,Ciutat Vella,4,"Sant Pere, Santa Caterina i la Ribera",20613,3732,8156,8725,0.18105079318876438,0.39567263377480233,0.42327657303643335
2019,2,Eixample,5,el Fort Pienc,28298,3961,12873,11464,0.13997455650576013,0.45490847409710933,0.40511696939713054
2019,2,Eixample,6,la Sagrada Família,45531,6761,20802,17968,0.14849223605894885,0.45687553534954206,0.3946322285915091
2019,2,Eixample,7,la Dreta de l'Eixample,37964,3192,14614,20158,0.08407965440944053,0.38494363080813404,0.5309767147824255
2019,2,Eixample,8,l'Antiga Esquerra de l'Eixample,37515,3535,15351,18629,0.09422897507663601,0.40919632147141144,0.49657470345195254
2019,2,Eixample,9,la Nova Esquerra de l'Eixample,51197,6136,22115,22946,0.11985077250620153,0.431958903842022,0.44819032365177647
2019,2,Eixample,10,Sant Antoni,33792,5479,15381,12932,0.1621389678030303,0.4551669034090909,0.3826941287878788
2019,3,Sants-Montjuïc,11,el Poble-sec,34973,8496,16369,10108,0.24293026048666114,0.4680467789437566,0.28902296056958227
2019,3,Sants-Montjuïc,12,la Marina del Prat Vermell,1008,447,490,71,0.44345238095238093,0.4861111111111111,0.07043650793650794
2019,3,Sants-Montjuïc,13,la Marina de Port,25971,7922,13727,4322,0.30503253629047783,0.5285510762003773,0.1664163875091448
2019,3,Sants-Montjuïc,14,la Font de la Guatlla,9114,1824,4346,2944,0.20013166556945358,0.47684880403774416,0.3230195303928023
2019,3,Sants-Montjuïc,15,Hostafrancs,14016,2835,6555,4626,0.20226883561643835,0.4676797945205479,0.3300513698630137
2019,3,Sants-Montjuïc,16,la Bordeta,16690,3771,8593,4326,0.22594367884961056,0.5148591971240264,0.2591971240263631
2019,3,Sants-Montjuïc,17,Sants - Badal,21244,4943,10416,5885,0.23267746187158728,0.4903031444172472,0.2770193937111655
2019,3,Sants-Montjuïc,18,Sants,36575,6970,17180,12425,0.19056732740943266,0.46971975393028026,0.3397129186602871
2019,4,Les Corts,19,les Corts,39888,4583,17282,18023,0.11489671079021259,0.4332631367829924,0.45184015242679504
2019,4,Les Corts,20,la Maternitat i Sant Ramon,20508,3064,9108,8336,0.14940511020089722,0.4441193680514921,0.4064755217476107
2019,4,Les Corts,21,Pedralbes,9607,582,3766,5259,0.060580826480691165,0.39200582908296033,0.5474133444363485
2019,5,Sarrià-Sant Gervasi,22,"Vallvidrera, el Tibidabo i les Planes",3677,392,1652,1633,0.10660864835463693,0.44927930378025566,0.44411204786510744
2019,5,Sarrià-Sant Gervasi,23,Sarrià,19694,1530,7719,10445,0.07768863613283233,0.39194678582309334,0.5303645780440743
2019,5,Sarrià-Sant Gervasi,24,les Tres Torres,13142,611,5236,7295,0.046492162532339065,0.3984172880840055,0.5550905493836554
2019,5,Sarrià-Sant Gervasi,25,Sant Gervasi - la Bonanova,21038,1307,8640,11091,0.0621256773457553,0.4106854263713281,0.5271888962829167
2019,5,Sarrià-Sant Gervasi,26,Sant Gervasi - Galvany,39272,2131,15893,21248,0.054262578936646974,0.40469036463638214,0.5410470564269708
2019,5,Sarrià-Sant Gervasi,27,el Putxet i el Farró,24691,1522,10285,12884,0.061641893807460206,0.41654853995382934,0.5218095662387104
2019,6,Gràcia,28,Vallcarca i els Penitents,13474,1649,6148,5677,0.12238385037850676,0.45628618079263766,0.4213299688288556
2019,6,Gràcia,29,el Coll,6361,1153,3162,2046,0.1812608080490489,0.4970916522559346,0.3216475396950165
2019,6,Gràcia,30,la Salut,11399,1422,5154,4823,0.1247477848934117,0.45214492499342046,0.42310729011316783
2019,6,Gràcia,31,la Vila de Gràcia,43813,5525,17572,20716,0.1261041243466551,0.4010681761121128,0.47282769954123205
2019,6,Gràcia,32,el Camp d'en Grassot i Gràcia Nova,30369,3825,13627,12917,0.12595080509730316,0.44871414929698045,0.42533504560571633
2019,7,Horta-Guinardó,33,el Baix Guinardó,22598,3809,11156,7633,0.16855473935746526,0.49367200637224534,0.3377732542702894
2019,7,Horta-Guinardó,34,Can Baró,7921,1641,3956,2324,0.20717081176619115,0.4994318899128898,0.2933972983209191
2019,7,Horta-Guinardó,35,el Guinardó,31733,5361,16345,10027,0.1689408502190149,0.5150789399048309,0.31598020987615416
2019,7,Horta-Guinardó,36,la Font d'en Fargues,7861,1205,4019,2637,0.1532883857015647,0.5112581096552602,0.3354535046431752
2019,7,Horta-Guinardó,37,el Carmel,27117,8343,14847,3927,0.3076667772983737,0.5475163181767895,0.1448169045248368
2019,7,Horta-Guinardó,38,la Teixonera,10023,2739,5422,1862,0.27327147560610593,0.5409558016561907,0.1857727227377033
2019,7,Horta-Guinardó,39,Sant Genís dels Agudells,6141,1594,3259,1288,0.25956684579058786,0.5306953264940564,0.20973782771535582
2019,7,Horta-Guinardó,40,Montbau,4424,1012,2244,1168,0.22875226039783003,0.5072332730560579,0.2640144665461121
2019,7,Horta-Guinardó,41,la Vall d'Hebron,4952,937,2476,1539,0.18921647819063006,0.5,0.31078352180936997
2019,7,Horta-Guinardó,42,la Clota,558,104,278,176,0.1863799283154122,0.4982078853046595,0.3154121863799283
2019,7,Horta-Guinardó,43,Horta,23263,5692,11863,5708,0.24468039375832867,0.509951425009672,0.2453681812319993
2019,8,Nou Barris,44,Vilapicina i la Torre Llobeta,22162,5152,11773,5237,0.2324699936828806,0.5312246187167223,0.23630538760039707
2019,8,Nou Barris,45,Porta,22671,6480,12070,4121,0.28582770940849545,0.5323982179877377,0.18177407260376693
2019,8,Nou Barris,46,el Turó de la Peira,13170,4007,7035,2128,0.30425208807896736,0.5341685649202733,0.1615793470007593
2019,8,Nou Barris,47,Can Peguera,1879,694,994,191,0.36934539648749337,0.5290047897817989,0.10164981373070782
2019,8,Nou Barris,48,la Guineueta,13095,3519,7104,2472,0.26872852233676975,0.5424971363115693,0.18877434135166093
2019,8,Nou Barris,49,Canyelles,5898,2001,3125,772,0.3392675483214649,0.5298406239403187,0.13089182773821634
2019,8,Nou Barris,50,les Roquetes,13295,4840,7177,1278,0.3640466340729598,0.5398270026325687,0.0961263632944716
2019,8,Nou Barris,51,Verdun,10613,3489,5781,1343,0.32874776217846036,0.5447093187600113,0.12654291906152831
2019,8,Nou Barris,52,la Prosperitat,22751,7417,12372,2962,0.32600764801547183,0.5438002725154938,0.13019207946903433
2019,8,Nou Barris,53,la Trinitat Nova,6245,2247,3418,580,0.3598078462770216,0.5473178542834267,0.09287429943955164
2019,8,Nou Barris,54,Torre Baró,2262,915,1152,195,0.40450928381962864,0.5092838196286472,0.08620689655172414
2019,8,Nou Barris,55,Ciutat Meridiana,8711,3446,4572,693,0.39559178050740446,0.52485363333716,0.07955458615543566
2019,8,Nou Barris,56,Vallbona,1095,451,539,105,0.41187214611872147,0.4922374429223744,0.0958904109589041
2019,9,Sant Andreu,57,la Trinitat Vella,8244,3062,4320,862,0.37142163998059197,0.5240174672489083,0.10456089277049976
2019,9,Sant Andreu,58,Baró de Viver,2083,821,1117,145,0.3941430628900624,0.5362457993278925,0.06961113778204513
2019,9,Sant Andreu,59,el Bon Pastor,10405,3236,5691,1478,0.31100432484382506,0.5469485824123018,0.14204709274387314
2019,9,Sant Andreu,60,Sant Andreu,48655,9947,25791,12917,0.20443942040900215,0.530079128558216,0.2654814510327818
2019,9,Sant Andreu,61,la Sagrera,25270,5341,13451,6478,0.2113573407202216,0.5322912544519193,0.2563514048278591
2019,9,Sant Andreu,62,el Congrés i els Indians,12370,2410,6597,3363,0.1948261924009701,0.533306386418755,0.27186742118027485
2019,9,Sant Andreu,63,Navas,19121,3721,10116,5284,0.19460279274096542,0.5290518278332723,0.27634537942576226
2019,10,Sant Martí,64,el Camp de l'Arpa del Clot,33872,6119,16795,10958,0.18065068493150685,0.4958372697213037,0.3235120453471894
2019,10,Sant Martí,65,el Clot,23087,4349,12023,6715,0.1883744098410361,0.5207692640880149,0.290856326070949
2019,10,Sant Martí,66,el Parc i la Llacuna del Poblenou,13422,2271,6235,4916,0.16919982118909255,0.4645358366860379,0.36626434212486964
2019,10,Sant Martí,67,la Vila Olímpica del Poblenou,7605,502,2868,4235,0.06600920447074293,0.37712031558185405,0.556870479947403
2019,10,Sant Martí,68,el Poblenou,27871,4811,13000,10060,0.17261669836030283,0.4664346453302716,0.3609486563094256
2019,10,Sant Martí,69,Diagonal Mar i el Front Marítim del Poblenou,10651,1522,4600,4529,0.14289738052765,0.43188433010984884,0.42521828936250117
2019,10,Sant Martí,70,el Besòs i el Maresme,20505,7373,10533,2599,0.3595708363813704,0.5136795903438186,0.126749573274811
2019,10,Sant Martí,71,Provençals del Poblenou,17559,3792,9094,4673,0.21595762856654707,0.5179110427700894,0.26613132866336353
2019,10,Sant Martí,72,Sant Martí de Provençals,22368,5829,11898,4641,0.2605954935622318,0.5319206008583691,0.20748390557939914
2019,10,Sant Martí,73,la Verneda i la Pau,24631,7577,13405,3649,0.3076204782591044,0.5442328772684828,0.14814664447241283
2020,1,Ciutat Vella,1,el Raval,41035,11214,18493,11328,0.2732789082490557,0.4506640672596564,0.27605702449128794
2020,1,Ciutat Vella,2,el Barri Gòtic,19996,4508,8899,6589,0.22544508901780355,0.4450390078015603,0.3295159031806361
2020,1,Ciutat Vella,3,la Barceloneta,13753,3078,6425,4250,0.2238057151167018,0.46717079909837855,0.30902348578491967
2020,1,Ciutat Vella,4,"Sant Pere, Santa Caterina i la Ribera",20717,3545,8344,8828,0.17111550900226866,0.40276101752184196,0.42612347347588936
2020,2,Eixample,5,el Fort Pienc,29119,3877,13343,11899,0.1331433084927367,0.45822315326762597,0.40863353823963733
2020,2,Eixample,6,la Sagrada Família,46031,6395,21239,18397,0.13892811366253177,0.4614064434837392,0.399665442853729
2020,2,Eixample,7,la Dreta de l'Eixample,38298,2968,14770,20560,0.07749751945271294,0.3856598255783592,0.5368426549689279
2020,2,Eixample,8,l'Antiga Esquerra de l'Eixample,37901,3281,15516,19104,0.08656763673781695,0.40938233819688136,0.5040500250653017
2020,2,Eixample,9,la Nova Esquerra de l'Eixample,51450,5739,22254,23457,0.11154518950437317,0.43253644314868805,0.4559183673469388
2020,2,Eixample,10,Sant Antoni,34255,5205,15549,13501,0.15194862063932274,0.45391913589257044,0.3941322434681068
2020,3,Sants-Montjuïc,11,el Poble-sec,34909,7899,16535,10475,0.226274026755278,0.47366008765647827,0.3000658855882437
2020,3,Sants-Montjuïc,12,la Marina del Prat Vermell,1037,440,514,83,0.42430086788813887,0.4956605593056895,0.08003857280617165
2020,3,Sants-Montjuïc,13,la Marina de Port,26379,7705,14153,4521,0.29208840365442207,0.5365252663103226,0.17138633003525533
2020,3,Sants-Montjuïc,14,la Font de la Guatlla,9183,1756,4460,2967,0.1912229119024284,0.4856800609822498,0.3230970271153218
2020,3,Sants-Montjuïc,15,Hostafrancs,14102,2710,6592,4800,0.19217132321656502,0.4674514253297405,0.3403772514536945
2020,3,Sants-Montjuïc,16,la Bordeta,16834,3624,8660,4550,0.2152786028276108,0.5144350718783415,0.2702863252940478
2020,3,Sants-Montjuïc,17,Sants - Badal,21718,4755,10758,6205,0.2189428124136661,0.49534947969426285,0.2857077078920711
2020,3,Sants-Montjuïc,18,Sants,38044,6958,18161,12925,0.1828934917463989,0.4773683103774577,0.3397381978761434
2020,4,Les Corts,19,les Corts,40084,4380,17402,18302,0.1092705318830456,0.4341383095499451,0.45659115856700927
2020,4,Les Corts,20,la Maternitat i Sant Ramon,20604,2922,9229,8453,0.14181712288875947,0.4479227334498156,0.410260143661425
2020,4,Les Corts,21,Pedralbes,9632,561,3831,5240,0.05824335548172758,0.39773671096345514,0.5440199335548173
2020,5,Sarrià-Sant Gervasi,22,"Vallvidrera, el Tibidabo i les Planes",3702,381,1676,1645,0.10291734197730956,0.45272825499729874,0.4443544030253917
2020,5,Sarrià-Sant Gervasi,23,Sarrià,19881,1448,7796,10637,0.07283335848297369,0.39213319249534734,0.535033449021679
2020,5,Sarrià-Sant Gervasi,24,les Tres Torres,13202,589,5294,7319,0.04461445235570368,0.40099984850780185,0.5543856991364945
2020,5,Sarrià-Sant Gervasi,25,Sant Gervasi - la Bonanova,21180,1219,8712,11249,0.057554296506137866,0.4113314447592068,0.5311142587346553
2020,5,Sarrià-Sant Gervasi,26,Sant Gervasi - Galvany,39589,2009,15947,21633,0.050746419459950995,0.40281391295561897,0.54643966758443
2020,5,Sarrià-Sant Gervasi,27,el Putxet i el Farró,25287,1435,10501,13351,0.05674852691106102,0.4152726697512556,0.5279788033376834
2020,6,Gràcia,28,Vallcarca i els Penitents,13756,1595,6293,5868,0.11594940389648153,0.45747310264611807,0.4265774934574004
2020,6,Gràcia,29,el Coll,6493,1104,3257,2132,0.17002926228245804,0.5016171261358386,0.3283536115817034
2020,6,Gràcia,30,la Salut,11504,1372,5221,4911,0.11926286509040333,0.4538421418636996,0.42689499304589706
2020,6,Gràcia,31,la Vila de Gràcia,44176,5171,17715,21290,0.11705450923578413,0.40100959797174934,0.4819358927924665
2020,6,Gràcia,32,el Camp d'en Grassot i Gràcia Nova,30769,3652,13780,13337,0.11869089018167636,0.44785335890019173,0.4334557509181319
2020,7,Horta-Guinardó,33,el Baix Guinardó,22885,3660,11278,7947,0.15993008520865196,0.49281188551452915,0.34725802927681887
2020,7,Horta-Guinardó,34,Can Baró,8032,1575,4037,2420,0.1960906374501992,0.5026145418326693,0.3012948207171315
2020,7,Horta-Guinardó,35,el Guinardó,32233,5086,16669,10478,0.15778860174355475,0.5171408184159092,0.3250705798405361
2020,7,Horta-Guinardó,36,la Font d'en Fargues,7987,1159,4092,2736,0.1451108050582196,0.5123325403781145,0.34255665456366596
2020,7,Horta-Guinardó,37,el Carmel,27577,8055,15361,4161,0.2920912354498314,0.5570221561446133,0.15088660840555534
2020,7,Horta-Guinardó,38,la Teixonera,10219,2637,5668,1914,0.2580487327527155,0.5546530971719347,0.18729817007534985
2020,7,Horta-Guinardó,39,Sant Genís dels Agudells,6307,1551,3408,1348,0.24591723481845568,0.5403519898525448,0.21373077532899953
2020,7,Horta-Guinardó,40,Montbau,4504,936,2297,1271,0.20781527531083482,0.5099911190053286,0.2821936056838366
2020,7,Horta-Guinardó,41,la Vall d'Hebron,5077,918,2559,1600,0.18081544219026985,0.5040378176088242,0.31514674020090605
2020,7,Horta-Guinardó,42,la Clota,575,107,297,171,0.18608695652173912,0.5165217391304348,0.29739130434782607
2020,7,Horta-Guinardó,43,Horta,24169,5591,12576,6002,0.23132938888659027,0.5203359675617527,0.24833464355165707
2020,8,Nou Barris,44,Vilapicina i la Torre Llobeta,22491,4960,12071,5460,0.2205326575074474,0.5367035703170157,0.24276377217553688
2020,8,Nou Barris,45,Porta,23869,6446,13032,4391,0.27005739662323514,0.5459801416062675,0.1839624617704973
2020,8,Nou Barris,46,el Turó de la Peira,13532,3870,7380,2282,0.28598876736624296,0.5453739284658587,0.16863730416789832
2020,8,Nou Barris,47,Can Peguera,1881,665,1023,193,0.35353535353535354,0.543859649122807,0.10260499734183945
2020,8,Nou Barris,48,la Guineueta,13187,3382,7253,2552,0.2564647000834155,0.5500113748388564,0.19352392507772806
2020,8,Nou Barris,49,Canyelles,5944,1947,3196,801,0.327557200538358,0.5376850605652759,0.13475773889636608
2020,8,Nou Barris,50,les Roquetes,13457,4679,7433,1345,0.3477000817418444,0.5523519357954968,0.09994798246265883
2020,8,Nou Barris,51,Verdun,10786,3384,5982,1420,0.3137400333765993,0.5546078249582792,0.13165214166512146
2020,8,Nou Barris,52,la Prosperitat,23066,7192,12783,3091,0.31180091910170815,0.5541923176970432,0.1340067632012486
2020,8,Nou Barris,53,la Trinitat Nova,6360,2162,3570,628,0.339937106918239,0.5613207547169812,0.09874213836477988
2020,8,Nou Barris,54,Torre Baró,2283,866,1205,212,0.3793254489706526,0.527814279456855,0.09286027157249234
2020,8,Nou Barris,55,Ciutat Meridiana,8875,3394,4810,671,0.3824225352112676,0.5419718309859155,0.0756056338028169
2020,8,Nou Barris,56,Vallbona,1111,440,561,110,0.39603960396039606,0.504950495049505,0.09900990099009901
2020,9,Sant Andreu,57,la Trinitat Vella,8397,3006,4497,894,0.3579849946409432,0.5355484101464809,0.10646659521257593
2020,9,Sant Andreu,58,Baró de Viver,2110,787,1169,154,0.37298578199052135,0.5540284360189573,0.07298578199052133
2020,9,Sant Andreu,59,el Bon Pastor,10961,3205,6149,1607,0.2924003284371864,0.5609889608612353,0.14661071070157833
2020,9,Sant Andreu,60,Sant Andreu,49428,9562,26407,13459,0.19345310350408676,0.5342518410617464,0.2722950554341669
2020,9,Sant Andreu,61,la Sagrera,25469,5115,13646,6708,0.20083238446739174,0.5357886057560172,0.2633790097765912
2020,9,Sant Andreu,62,el Congrés i els Indians,12585,2246,6792,3547,0.17846642828764403,0.5396901072705602,0.2818434644417958
2020,9,Sant Andreu,63,Navas,19399,3521,10345,5533,0.18150420124748698,0.5332749110778906,0.2852208876746224
2020,10,Sant Martí,64,el Camp de l'Arpa del Clot,34162,5782,17026,11354,0.16925238569170423,0.4983900240032785,0.33235759030501727
2020,10,Sant Martí,65,el Clot,23164,4200,12034,6930,0.18131583491624936,0.5195130374719392,0.2991711276118114
2020,10,Sant Martí,66,el Parc i la Llacuna del Poblenou,13655,2173,6331,5151,0.15913584767484437,0.46363969242035885,0.3772244599047968
2020,10,Sant Martí,67,la Vila Olímpica del Poblenou,7725,493,2934,4298,0.06381877022653722,0.37980582524271844,0.5563754045307443
2020,10,Sant Martí,68,el Poblenou,28247,4567,13245,10435,0.16168088646581938,0.46889935214359046,0.36941976139059013
2020,10,Sant Martí,69,Diagonal Mar i el Front Marítim del Poblenou,10627,1464,4624,4539,0.1377623035663875,0.4351180954173332,0.42711960101627927
2020,10,Sant Martí,70,el Besòs i el Maresme,21325,7350,11166,2809,0.34466588511137164,0.5236107854630715,0.13172332942555687
2020,10,Sant Martí,71,Provençals del Poblenou,17774,3681,9223,4870,0.20710025880499605,0.5189040171036345,0.2739957240913694
2020,10,Sant Martí,72,Sant Martí de Provençals,22447,5596,12050,4801,0.24929834721789104,0.5368200650420991,0.2138815877400098
2020,10,Sant Martí,73,la Verneda i la Pau,24721,7307,13602,3812,0.29557865782128556,0.550220460337365,0.15420088184134945
2021,1,Ciutat Vella,1,el Raval,41578,10939,19180,11459,0.26309586800711915,0.46130164991101064,0.2756024820818702
2021,1,Ciutat Vella,2,el Barri Gòtic,21120,4689,9721,6710,0.22201704545454545,0.4602746212121212,0.3177083333333333
2021,1,Ciutat Vella,3,la Barceloneta,13819,2930,6473,4416,0.21202691945871627,0.46841305449019466,0.3195600260510891
2021,1,Ciutat Vella,4,"Sant Pere, Santa Caterina i la Ribera",20601,3330,8384,8887,0.16164263870685888,0.4069705354109024,0.4313868258822387
2021,2,Eixample,5,el Fort Pienc,29283,3642,13577,12064,0.1243725028173343,0.4636478502885633,0.4119796468941024
2021,2,Eixample,6,la Sagrada Família,46090,6078,21263,18749,0.13187242351920156,0.4613365155131265,0.4067910609676719
2021,2,Eixample,7,la Dreta de l'Eixample,38399,2869,14557,20973,0.07471548738248392,0.3790984140211985,0.5461860985963176
2021,2,Eixample,8,l'Antiga Esquerra de l'Eixample,38048,3133,15601,19314,0.08234335576114382,0.410034693019344,0.5076219512195121
2021,2,Eixample,9,la Nova Esquerra de l'Eixample,51010,5425,22073,23512,0.10635169574593217,0.432719074691237,0.46092922956283083
2021,2,Eixample,10,Sant Antoni,34147,4873,15534,13740,0.1427065335168536,0.4549155123436905,0.4023779541394559
2021,3,Sants-Montjuïc,11,el Poble-sec,35077,7577,16720,10780,0.21601049120506316,0.4766656213473216,0.30732388744761524
2021,3,Sants-Montjuïc,12,la Marina del Prat Vermell,1138,449,561,128,0.3945518453427065,0.4929701230228471,0.11247803163444639
2021,3,Sants-Montjuïc,13,la Marina de Port,26317,7467,14264,4586,0.2837329482843789,0.5420070676748869,0.17425998404073412
2021,3,Sants-Montjuïc,14,la Font de la Guatlla,9095,1662,4454,2979,0.18273776800439803,0.4897196261682243,0.32754260582737765
2021,3,Sants-Montjuïc,15,Hostafrancs,14072,2591,6616,4865,0.18412450255827176,0.4701534963047186,0.3457220011370097
2021,3,Sants-Montjuïc,16,la Bordeta,16739,3418,8625,4696,0.2041937989127188,0.5152637553019893,0.28054244578529186
2021,3,Sants-Montjuïc,17,Sants - Badal,21737,4567,10840,6330,0.21010259005382528,0.49868887150940794,0.2912085384367668
2021,3,Sants-Montjuïc,18,Sants,38040,6666,18243,13131,0.1752365930599369,0.47957413249211356,0.3451892744479495
2021,4,Les Corts,19,les Corts,39537,4169,17249,18119,0.10544553203328527,0.4362748817563295,0.4582795862103852
2021,4,Les Corts,20,la Maternitat i Sant Ramon,20511,2797,9165,8549,0.13636585246940666,0.4468334064648238,0.4168007410657696
2021,4,Les Corts,21,Pedralbes,9619,554,3796,5269,0.05759434452645805,0.394635617008005,0.547770038465537
2021,5,Sarrià-Sant Gervasi,22,"Vallvidrera, el Tibidabo i les Planes",3761,367,1690,1704,0.09758043073650625,0.44934857750598245,0.4530709917575113
2021,5,Sarrià-Sant Gervasi,23,Sarrià,19721,1420,7726,10575,0.07200446224836468,0.3917651234724405,0.5362304142791948
2021,5,Sarrià-Sant Gervasi,24,les Tres Torres,13098,592,5167,7339,0.04519774011299435,0.3944877080470301,0.5603145518399756
2021,5,Sarrià-Sant Gervasi,25,Sant Gervasi - la Bonanova,21199,1172,8734,11293,0.0552856266805038,0.412000566064437,0.5327138072550592
2021,5,Sarrià-Sant Gervasi,26,Sant Gervasi - Galvany,39452,1991,15802,21659,0.05046638953665213,0.40053736185744704,0.5489962486059008
2021,5,Sarrià-Sant Gervasi,27,el Putxet i el Farró,25189,1419,10487,13283,0.05633411409742348,0.41633252610266386,0.5273333597999127
2021,6,Gràcia,28,Vallcarca i els Penitents,13811,1545,6325,5941,0.11186735211063645,0.45796828614872204,0.43016436174064154
2021,6,Gràcia,29,el Coll,6558,1043,3323,2192,0.15904239097285758,0.506709362610552,0.3342482464165904
2021,6,Gràcia,30,la Salut,11470,1296,5159,5015,0.11299040976460331,0.44978204010462075,0.4372275501307759
2021,6,Gràcia,31,la Vila de Gràcia,43893,4940,17538,21415,0.11254641970245825,0.3995625726197799,0.48789100767776183
2021,6,Gràcia,32,el Camp d'en Grassot i Gràcia Nova,30751,3500,13757,13494,0.11381743683132256,0.4473675652824298,0.4388149978862476
2021,7,Horta-Guinardó,33,el Baix Guinardó,22578,3367,11192,8019,0.14912746921782266,0.4957037824430862,0.3551687483390912
2021,7,Horta-Guinardó,34,Can Baró,8022,1491,4056,2475,0.18586387434554974,0.5056095736724009,0.30852655198204937
2021,7,Horta-Guinardó,35,el Guinardó,32121,4854,16691,10576,0.15111609227608108,0.5196289032097382,0.32925500451418077
2021,7,Horta-Guinardó,36,la Font d'en Fargues,7951,1087,4048,2816,0.1367123632247516,0.5091183498930952,0.3541692868821532
2021,7,Horta-Guinardó,37,el Carmel,27827,7792,15728,4307,0.28001581198116937,0.5652064541632228,0.15477773385560786
2021,7,Horta-Guinardó,38,la Teixonera,10351,2572,5769,2010,0.2484784078832963,0.5573374553183267,0.19418413679837696
2021,7,Horta-Guinardó,39,Sant Genís dels Agudells,6291,1459,3449,1383,0.2319186138928628,0.5482435224924496,0.21983786361468766
2021,7,Horta-Guinardó,40,Montbau,4438,869,2281,1288,0.19580892293826047,0.5139702568724651,0.2902208201892745
2021,7,Horta-Guinardó,41,la Vall d'Hebron,5144,902,2589,1653,0.17534992223950233,0.5033048211508554,0.3213452566096423
2021,7,Horta-Guinardó,42,la Clota,572,102,302,168,0.17832167832167833,0.527972027972028,0.2937062937062937
2021,7,Horta-Guinardó,43,Horta,24041,5292,12665,6084,0.22012395491036146,0.5268083690362297,0.25306767605340874
2021,8,Nou Barris,44,Vilapicina i la Torre Llobeta,22337,4744,12057,5536,0.21238304159018667,0.5397770515288535,0.24783990688095983
2021,8,Nou Barris,45,Porta,23981,6189,13321,4471,0.2580793127892915,0.5554814227930445,0.18643926441766398
2021,8,Nou Barris,46,el Turó de la Peira,13526,3673,7539,2314,0.2715510867958007,0.5573709892059737,0.17107792399822563
2021,8,Nou Barris,47,Can Peguera,1852,652,1010,190,0.35205183585313177,0.5453563714902808,0.10259179265658748
2021,8,Nou Barris,48,la Guineueta,13089,3245,7266,2578,0.24791809916723967,0.5551226220490488,0.1969592787837115
2021,8,Nou Barris,49,Canyelles,5923,1878,3225,820,0.31706905284484216,0.5444875907479317,0.13844335640722608
2021,8,Nou Barris,50,les Roquetes,13619,4577,7628,1414,0.33607460165944636,0.5600998604890227,0.10382553785153095
2021,8,Nou Barris,51,Verdun,10859,3294,6130,1435,0.30334284924947047,0.5645087024587899,0.13214844829173958
2021,8,Nou Barris,52,la Prosperitat,23022,6920,12951,3151,0.3005820519503084,0.5625488663017982,0.1368690817478933
2021,8,Nou Barris,53,la Trinitat Nova,6368,2087,3638,643,0.3277324120603015,0.5712939698492462,0.10097361809045226
2021,8,Nou Barris,54,Torre Baró,2316,858,1233,225,0.3704663212435233,0.5323834196891192,0.09715025906735751
2021,8,Nou Barris,55,Ciutat Meridiana,8926,3350,4869,707,0.3753080887295541,0.5454850997087161,0.07920681156172978
2021,8,Nou Barris,56,Vallbona,1105,414,581,110,0.3746606334841629,0.5257918552036199,0.09954751131221719
2021,9,Sant Andreu,57,la Trinitat Vella,8449,2949,4584,916,0.3490353888034087,0.5425494141318499,0.10841519706474138
2021,9,Sant Andreu,58,Baró de Viver,2163,802,1199,162,0.37078132223763294,0.5543226999537679,0.07489597780859916
2021,9,Sant Andreu,59,el Bon Pastor,11128,3140,6342,1646,0.2821710999281093,0.5699137311286844,0.14791516894320633
2021,9,Sant Andreu,60,Sant Andreu,49375,9171,26553,13651,0.18574177215189874,0.5377822784810127,0.2764759493670886
2021,9,Sant Andreu,61,la Sagrera,25446,4892,13707,6847,0.1922502554428987,0.5386701249705258,0.2690796195865755
2021,9,Sant Andreu,62,el Congrés i els Indians,12490,2155,6761,3574,0.17253803042433946,0.5413130504403523,0.28614891913530827
2021,9,Sant Andreu,63,Navas,19293,3353,10291,5649,0.17379360389778675,0.5334058985124138,0.2928004975897994
2021,10,Sant Martí,64,el Camp de l'Arpa del Clot,34065,5433,17079,11553,0.15948921180096873,0.5013650374284456,0.3391457507705856
2021,10,Sant Martí,65,el Clot,23126,4024,12006,7096,0.17400328634437429,0.5191559283922857,0.30684078526333997
2021,10,Sant Martí,66,el Parc i la Llacuna del Poblenou,13678,2073,6292,5313,0.1515572452112882,0.460008773212458,0.38843398157625386
2021,10,Sant Martí,67,la Vila Olímpica del Poblenou,7838,497,2950,4391,0.06340903291656035,0.3763715233477928,0.5602194437356468
2021,10,Sant Martí,68,el Poblenou,28483,4294,13291,10898,0.15075659165116034,0.46662921742793945,0.3826141909209002
2021,10,Sant Martí,69,Diagonal Mar i el Front Marítim del Poblenou,10765,1440,4680,4645,0.13376683697166744,0.4347422201579192,0.4314909428704134
2021,10,Sant Martí,70,el Besòs i el Maresme,21839,7265,11677,2897,0.3326617519117176,0.5346856541050414,0.132652593983241
2021,10,Sant Martí,71,Provençals del Poblenou,17774,3523,9300,4951,0.1982108698098346,0.5232361876898841,0.2785529425002813
2021,10,Sant Martí,72,Sant Martí de Provençals,22610,5394,12302,4914,0.2385670057496683,0.5440955329500221,0.2173374613003096
2021,10,Sant Martí,73,la Verneda i la Pau,24780,7101,13782,3897,0.2865617433414044,0.5561743341404358,0.1572639225181598
2022,1,Ciutat Vella,1,el Raval,39619,10125,18474,11020,0.25555920139327093,0.46629142583104066,0.2781493727756884
2022,1,Ciutat Vella,2,el Barri Gòtic,20972,4557,9763,6652,0.21728971962616822,0.46552546252145716,0.31718481785237457
2022,1,Ciutat Vella,3,la Barceloneta,13123,2670,6272,4181,0.2034595747923493,0.47793949554217785,0.3186009296654728
2022,1,Ciutat Vella,4,"Sant Pere, Santa Caterina i la Ribera",20074,2947,8157,8970,0.14680681478529442,0.4063465178838298,0.44684666733087575
2022,2,Eixample,5,el Fort Pienc,29360,3506,13413,12441,0.1194141689373297,0.45684604904632153,0.42373978201634876
2022,2,Eixample,6,la Sagrada Família,45564,5679,20947,18938,0.12463787200421385,0.4597269774383285,0.41563515055745764
2022,2,Eixample,7,la Dreta de l'Eixample,38639,2689,14380,21570,0.06959289836693497,0.372162840653226,0.558244260979839
2022,2,Eixample,8,l'Antiga Esquerra de l'Eixample,37614,2923,15136,19555,0.07771042696868187,0.4024033604508959,0.5198862125804222
2022,2,Eixample,9,la Nova Esquerra de l'Eixample,50561,5079,21764,23718,0.10045291825715473,0.4304503471054765,0.46909673463736873
2022,2,Eixample,10,Sant Antoni,33787,4588,15338,13861,0.13579187261372716,0.453961582857312,0.41024654452896087
2022,3,Sants-Montjuïc,11,el Poble-sec,34177,7009,16437,10731,0.2050794393890628,0.4809374725692717,0.31398308804166547
2022,3,Sants-Montjuïc,12,la Marina del Prat Vermell,1253,449,639,165,0.3583399840383081,0.509976057462091,0.13168395849960096
2022,3,Sants-Montjuïc,13,la Marina de Port,25886,7101,14156,4629,0.2743181642586726,0.5468593061886734,0.17882252955265393
2022,3,Sants-Montjuïc,14,la Font de la Guatlla,9233,1730,4508,2995,0.18737138524856492,0.488248673237301,0.3243799415141341
2022,3,Sants-Montjuïc,15,Hostafrancs,13913,2430,6616,4867,0.17465679580248689,0.4755264860202688,0.3498167181772443
2022,3,Sants-Montjuïc,16,la Bordeta,16616,3274,8570,4772,0.19703899855560905,0.5157679345209437,0.28719306692344726
2022,3,Sants-Montjuïc,17,Sants - Badal,21203,4305,10655,6243,0.2030373060415979,0.5025232278451163,0.29443946611328586
2022,3,Sants-Montjuïc,18,Sants,37531,6256,18089,13186,0.16668887053369214,0.4819749007487144,0.35133622871759346
2022,4,Les Corts,19,les Corts,39269,3939,17135,18195,0.1003081310957753,0.4363492831495582,0.4633425857546665
2022,4,Les Corts,20,la Maternitat i Sant Ramon,20401,2701,9215,8485,0.1323954708102544,0.4516935444340964,0.41591098475564925
2022,4,Les Corts,21,Pedralbes,9573,506,3759,5308,0.05285699362791184,0.3926668755875901,0.5544761307844981
2022,5,Sarrià-Sant Gervasi,22,"Vallvidrera, el Tibidabo i les Planes",3824,382,1698,1744,0.09989539748953975,0.4440376569037657,0.4560669456066946
2022,5,Sarrià-Sant Gervasi,23,Sarrià,19769,1382,7689,10698,0.06990743082604077,0.38894228337295766,0.5411502858010016
2022,5,Sarrià-Sant Gervasi,24,les Tres Torres,12958,569,4991,7398,0.04391109739157277,0.38516746411483255,0.5709214384935947
2022,5,Sarrià-Sant Gervasi,25,Sant Gervasi - la Bonanova,21053,1121,8596,11336,0.05324656818505676,0.40830285470004274,0.5384505771149005
2022,5,Sarrià-Sant Gervasi,26,Sant Gervasi - Galvany,39502,1895,15561,22046,0.04797225456938889,0.3939294212951243,0.5580983241354868
2022,5,Sarrià-Sant Gervasi,27,el Putxet i el Farró,25022,1323,10224,13475,0.05287347134521621,0.40860043162017423,0.5385260970346095
2022,6,Gràcia,28,Vallcarca i els Penitents,13660,1464,6187,6009,0.10717423133235725,0.45292825768667644,0.4398975109809663
2022,6,Gràcia,29,el Coll,6516,994,3287,2235,0.1525475751995089,0.5044505831798649,0.34300184162062614
2022,6,Gràcia,30,la Salut,11387,1201,5102,5084,0.10547115131290068,0.44805479933257225,0.4464740493545271
2022,6,Gràcia,31,la Vila de Gràcia,43503,4595,17297,21611,0.10562489943222307,0.39760476288991564,0.4967703376778613
2022,6,Gràcia,32,el Camp d'en Grassot i Gràcia Nova,30583,3287,13685,13611,0.10747801065951673,0.4474708171206226,0.4450511722198607
2022,7,Horta-Guinardó,33,el Baix Guinardó,22401,3178,11151,8072,0.14186866657738495,0.497790277219767,0.36034105620284806
2022,7,Horta-Guinardó,34,Can Baró,7970,1425,4039,2506,0.17879548306148055,0.5067754077791718,0.3144291091593476
2022,7,Horta-Guinardó,35,el Guinardó,31943,4627,16539,10777,0.14485176721034343,0.5177660207244154,0.3373822120652412
2022,7,Horta-Guinardó,36,la Font d'en Fargues,8035,1053,4089,2893,0.1310516490354698,0.5088985687616677,0.3600497822028625
2022,7,Horta-Guinardó,37,el Carmel,27433,7445,15618,4370,0.2713884737360114,0.569314329457223,0.15929719680676557
2022,7,Horta-Guinardó,38,la Teixonera,10227,2448,5703,2076,0.23936638310354943,0.5576415371076562,0.20299207978879436
2022,7,Horta-Guinardó,39,Sant Genís dels Agudells,6189,1376,3448,1365,0.22232994021651317,0.5571174664727743,0.22055259331071256
2022,7,Horta-Guinardó,40,Montbau,4361,819,2260,1282,0.18780096308186195,0.5182297638156386,0.29396927310249943
2022,7,Horta-Guinardó,41,la Vall d'Hebron,5107,880,2583,1644,0.17231251223810456,0.5057763853534365,0.321911102408459
2022,7,Horta-Guinardó,42,la Clota,546,94,287,165,0.17216117216117216,0.5256410256410257,0.3021978021978022
2022,7,Horta-Guinardó,43,Horta,23922,5093,12743,6086,0.21290025917565422,0.5326895744502967,0.254410166374049
2022,8,Nou Barris,44,Vilapicina i la Torre Llobeta,22264,4511,12070,5683,0.20261408551922386,0.5421307941070787,0.25525512037369746
2022,8,Nou Barris,45,Porta,23653,5936,13253,4464,0.2509618230245635,0.5603094744852661,0.18872870249017037
2022,8,Nou Barris,46,el Turó de la Peira,13429,3485,7615,2329,0.25951299426614044,0.5670563705413657,0.17343063519249385
2022,8,Nou Barris,47,Can Peguera,1837,629,1008,200,0.3424060968971149,0.5487207403375068,0.10887316276537834
2022,8,Nou Barris,48,la Guineueta,12915,3048,7247,2620,0.23600464576074331,0.5611304684475417,0.20286488579171505
2022,8,Nou Barris,49,Canyelles,5912,1812,3269,831,0.30649526387009474,0.5529431664411367,0.1405615696887686
2022,8,Nou Barris,50,les Roquetes,13280,4346,7492,1442,0.3272590361445783,0.564156626506024,0.1085843373493976
2022,8,Nou Barris,51,Verdun,10638,3109,6078,1451,0.29225418311712725,0.5713479977439369,0.1363978191389359
2022,8,Nou Barris,52,la Prosperitat,22669,6611,12909,3149,0.2916317437910803,0.5694560854029732,0.13891217080594645
2022,8,Nou Barris,53,la Trinitat Nova,6227,2003,3628,596,0.32166372249879555,0.5826240565280231,0.09571222097318131
2022,8,Nou Barris,54,Torre Baró,2308,842,1236,230,0.3648180242634315,0.5355285961871751,0.09965337954939342
2022,8,Nou Barris,55,Ciutat Meridiana,8625,3161,4790,674,0.3664927536231884,0.5553623188405797,0.07814492753623188
2022,8,Nou Barris,56,Vallbona,1132,424,592,116,0.3745583038869258,0.5229681978798587,0.10247349823321555
2022,9,Sant Andreu,57,la Trinitat Vella,8327,2797,4623,907,0.33589528041311395,0.5551819382730876,0.10892278131379848
2022,9,Sant Andreu,58,Baró de Viver,2129,770,1190,169,0.361672146547675,0.5589478628464067,0.07937999060591827
2022,9,Sant Andreu,59,el Bon Pastor,11046,3026,6361,1659,0.273945319572696,0.575864566358863,0.15019011406844107
2022,9,Sant Andreu,60,Sant Andreu,48851,8786,26312,13753,0.1798530224560398,0.538617428507093,0.2815295490368672
2022,9,Sant Andreu,61,la Sagrera,25442,4668,13790,6984,0.18347614181275057,0.5420171370175301,0.27450672116971936
2022,9,Sant Andreu,62,el Congrés i els Indians,12303,2021,6639,3643,0.16426887750955052,0.539624481833699,0.2961066406567504
2022,9,Sant Andreu,63,Navas,19067,3135,10220,5712,0.16442020244401323,0.5360046153039283,0.29957518225205854
2022,10,Sant Martí,64,el Camp de l'Arpa del Clot,33569,5097,16818,11654,0.15183651583306026,0.5009979445321576,0.3471655396347821
2022,10,Sant Martí,65,el Clot,22904,3720,11934,7250,0.16241704505763185,0.521044359063919,0.3165385958784492
2022,10,Sant Martí,66,el Parc i la Llacuna del Poblenou,13690,1965,6281,5444,0.1435354273192111,0.4588020452885318,0.3976625273922571
2022,10,Sant Martí,67,la Vila Olímpica del Poblenou,7893,476,2934,4483,0.06030660078550615,0.3717217787913341,0.5679716204231597
2022,10,Sant Martí,68,el Poblenou,28373,4001,13168,11204,0.1410143446234096,0.46410319670108907,0.39488245867550137
2022,10,Sant Martí,69,Diagonal Mar i el Front Marítim del Poblenou,10786,1395,4704,4687,0.12933432226960875,0.4361208974596699,0.4345447802707213
2022,10,Sant Martí,70,el Besòs i el Maresme,22046,7089,11937,3020,0.3215549305996553,0.5414587680304818,0.136986301369863
2022,10,Sant Martí,71,Provençals del Poblenou,17771,3333,9280,5158,0.1875527544876484,0.5221990884024534,0.29024815710989815
2022,10,Sant Martí,72,Sant Martí de Provençals,22373,5069,12285,5019,0.22656773789835963,0.5490993608367228,0.22433290126491753
2022,10,Sant Martí,73,la Verneda i la Pau,24833,6809,13940,4084,0.2741915998872468,0.5613498167760641,0.16445858333668908
2023,1,Ciutat Vella,1,el Raval,38764,9388,18307,11069,0.24218346919822517,0.47226808378908264,0.28554844701269216
2023,1,Ciutat Vella,2,el Barri Gòtic,22477,4835,10828,6814,0.2151087778618143,0.4817368865951862,0.30315433554299953
2023,1,Ciutat Vella,3,la Barceloneta,13058,2497,6202,4359,0.19122377086843315,0.47495788022668095,0.3338183489048859
2023,1,Ciutat Vella,4,"Sant Pere, Santa Caterina i la Ribera",19777,2763,8055,8959,0.1397077413156697,0.40729129797239216,0.45300096071193813
2023,2,Eixample,5,el Fort Pienc,30193,3371,13812,13010,0.11164839532341933,0.45745702646308745,0.4308945782134932
2023,2,Eixample,6,la Sagrada Família,45886,5344,20841,19701,0.11646253759316567,0.4541908207296343,0.4293466416772
2023,2,Eixample,7,la Dreta de l'Eixample,38554,2574,14012,21968,0.06676350054469056,0.36343829434040564,0.5697982051149038
2023,2,Eixample,8,l'Antiga Esquerra de l'Eixample,38002,2765,14979,20258,0.07275932845639703,0.3941634650807852,0.5330772064628178
2023,2,Eixample,9,la Nova Esquerra de l'Eixample,50741,4814,21508,24419,0.09487396779724483,0.42387812617015824,0.48124790603259693
2023,2,Eixample,10,Sant Antoni,33807,4297,15113,14397,0.1271038542313722,0.44703759576419083,0.42585855000443695
2023,3,Sants-Montjuïc,11,el Poble-sec,33955,6602,16375,10978,0.1944338094536887,0.4822559269621558,0.3233102635841555
2023,3,Sants-Montjuïc,12,la Marina del Prat Vermell,1386,443,691,252,0.31962481962481964,0.49855699855699853,0.18181818181818182
2023,3,Sants-Montjuïc,13,la Marina de Port,25917,6843,14256,4818,0.264035189258016,0.5500636647760158,0.1859011459659683
2023,3,Sants-Montjuïc,14,la Font de la Guatlla,9366,1699,4469,3198,0.1814008114456545,0.4771513986760624,0.34144778987828317
2023,3,Sants-Montjuïc,15,Hostafrancs,13954,2305,6646,5003,0.16518560986097178,0.4762792030958865,0.35853518704314175
2023,3,Sants-Montjuïc,16,la Bordeta,16991,3163,8657,5171,0.1861573774351127,0.5095050320758049,0.30433759048908243
2023,3,Sants-Montjuïc,17,Sants - Badal,21351,4146,10687,6518,0.19418294225094843,0.5005386164582455,0.30527844129080606
2023,3,Sants-Montjuïc,18,Sants,38793,6076,18820,13897,0.15662619544763232,0.4851390714819684,0.3582347330703993
2023,4,Les Corts,19,les Corts,39623,3757,17191,18675,0.0948186659263559,0.43386416980036846,0.47131716427327564
2023,4,Les Corts,20,la Maternitat i Sant Ramon,20753,2607,9258,8888,0.1256203922324483,0.4461041777092469,0.4282754300583048
2023,4,Les Corts,21,Pedralbes,9818,501,3792,5525,0.051028722754125073,0.38622937461804846,0.5627419026278264
2023,5,Sarrià-Sant Gervasi,22,"Vallvidrera, el Tibidabo i les Planes",3842,400,1680,1762,0.10411244143675169,0.4372722540343571,0.4586153045288912
2023,5,Sarrià-Sant Gervasi,23,Sarrià,19945,1354,7604,10987,0.06788668839308097,0.381248433191276,0.550864878415643
2023,5,Sarrià-Sant Gervasi,24,les Tres Torres,13061,577,4932,7552,0.0441773217977184,0.3776127402189725,0.5782099379833091
2023,5,Sarrià-Sant Gervasi,25,Sant Gervasi - la Bonanova,21433,1090,8633,11710,0.05085615639434517,0.4027900900480567,0.5463537535575981
2023,5,Sarrià-Sant Gervasi,26,Sant Gervasi - Galvany,39783,1802,15289,22692,0.04529572933162406,0.3843098811049946,0.5703943895633814
2023,5,Sarrià-Sant Gervasi,27,el Putxet i el Farró,25272,1317,10036,13919,0.05211301044634378,0.39711934156378603,0.5507676479898702
2023,6,Gràcia,28,Vallcarca i els Penitents,13881,1381,6217,6283,0.09948850947338088,0.44787839492831927,0.45263309559829984
2023,6,Gràcia,29,el Coll,6607,973,3306,2328,0.14726804903889815,0.5003783865597095,0.3523535644013925
2023,6,Gràcia,30,la Salut,11484,1171,5020,5293,0.10196795541623128,0.43712991988854055,0.4609021246952281
2023,6,Gràcia,31,la Vila de Gràcia,43700,4318,17205,22177,0.09881006864988558,0.3937070938215103,0.5074828375286041
2023,6,Gràcia,32,el Camp d'en Grassot i Gràcia Nova,30879,3101,13816,13962,0.10042423653615726,0.4474238155380679,0.4521519479257748
2023,7,Horta-Guinardó,33,el Baix Guinardó,22519,2996,11167,8356,0.1330432079577246,0.4958923575647231,0.3710644344775523
2023,7,Horta-Guinardó,34,Can Baró,8082,1372,4114,2596,0.16975996040584013,0.5090324177183866,0.32120762187577334
2023,7,Horta-Guinardó,35,el Guinardó,32368,4385,16671,11312,0.13547330696984677,0.5150457241720218,0.3494809688581315
2023,7,Horta-Guinardó,36,la Font d'en Fargues,8203,1036,4151,3016,0.1262952578325003,0.5060343776667073,0.3676703645007924
2023,7,Horta-Guinardó,37,el Carmel,27795,7182,15878,4735,0.2583917970858068,0.5712538226299694,0.17035438028422378
2023,7,Horta-Guinardó,38,la Teixonera,10394,2389,5780,2225,0.22984414085049068,0.5560900519530498,0.21406580719645948
2023,7,Horta-Guinardó,39,Sant Genís dels Agudells,6300,1311,3543,1446,0.20809523809523808,0.5623809523809524,0.22952380952380952
2023,7,Horta-Guinardó,40,Montbau,4508,787,2320,1401,0.17457852706299912,0.5146406388642414,0.3107808340727595
2023,7,Horta-Guinardó,41,la Vall d'Hebron,5109,847,2548,1714,0.16578586807594442,0.49872773536895676,0.3354863965550988
2023,7,Horta-Guinardó,42,la Clota,558,98,291,169,0.17562724014336917,0.521505376344086,0.30286738351254483
2023,7,Horta-Guinardó,43,Horta,25196,5000,13570,6626,0.19844419749166534,0.5385775519923798,0.2629782505159549
2023,8,Nou Barris,44,Vilapicina i la Torre Llobeta,22465,4298,12312,5855,0.19131983084798576,0.5480525261517917,0.26062764300022256
2023,8,Nou Barris,45,Porta,24961,5952,14146,4863,0.23845198509675092,0.5667240895797444,0.19482392532350468
2023,8,Nou Barris,46,el Turó de la Peira,13640,3348,7860,2432,0.24545454545454545,0.5762463343108505,0.17829912023460412
2023,8,Nou Barris,47,Can Peguera,1818,621,1000,197,0.3415841584158416,0.5500550055005501,0.10836083608360836
2023,8,Nou Barris,48,la Guineueta,13076,2932,7379,2765,0.2242275925359437,0.5643163046803303,0.2114561027837259
2023,8,Nou Barris,49,Canyelles,5926,1770,3290,866,0.29868376645291933,0.555180560242997,0.1461356733040837
2023,8,Nou Barris,50,les Roquetes,13627,4191,7823,1613,0.30755118514713436,0.5740808688632861,0.11836794598957952
2023,8,Nou Barris,51,Verdun,10828,2999,6304,1525,0.27696712227558185,0.5821943110454377,0.14083856667898043
2023,8,Nou Barris,52,la Prosperitat,22939,6367,13172,3400,0.2775622302628711,0.57421857971140855,0.1482191900257204
2023,8,Nou Barris,53,la Trinitat Nova,6398,1934,3788,676,0.30228196311347294,0.5920600187558612,0.10565801813066583
2023,8,Nou Barris,54,Torre Baró,2317,822,1244,251,0.3547690979715149,0.5369011652999568,0.10832973672852828
2023,8,Nou Barris,55,Ciutat Meridiana,8664,3099,4865,700,0.3576869806094183,0.5615189289012004,0.08079409048938135
2023,8,Nou Barris,56,Vallbona,1144,411,619,114,0.35926573426573427,0.541083916083916,0.09965034965034965
2023,9,Sant Andreu,57,la Trinitat Vella,8298,2655,4689,954,0.3199566160520607,0.5650759219088937,0.11496746203904555
2023,9,Sant Andreu,58,Baró de Viver,2103,746,1185,172,0.3547313361864004,0.5634807417974322,0.08178792201616739
2023,9,Sant Andreu,59,el Bon Pastor,11842,3022,6965,1855,0.2551933794967066,0.5881607836514102,0.15664583685188313
2023,9,Sant Andreu,60,Sant Andreu,48955,8495,26175,14285,0.17352670820140945,0.5346747012562557,0.2917985905423348
2023,9,Sant Andreu,61,la Sagrera,25755,4505,13826,7424,0.17491749174917492,0.5368278004271015,0.28825470782372353
2023,9,Sant Andreu,62,el Congrés i els Indians,12484,1924,6700,3860,0.15411727010573534,0.5366869593079141,0.3091957705863505
2023,9,Sant Andreu,63,Navas,19105,2994,10170,5941,0.1567129023815755,0.5323213818372153,0.31096571578120913
2023,10,Sant Martí,64,el Camp de l'Arpa del Clot,33651,4820,16709,12122,0.14323497072895308,0.49653799292740186,0.36022703634364506
2023,10,Sant Martí,65,el Clot,22950,3552,11786,7612,0.15477124183006535,0.5135511982570806,0.331677559912854
2023,10,Sant Martí,66,el Parc i la Llacuna del Poblenou,14027,1845,6376,5806,0.13153204534112783,0.45455193555286233,0.41391601910600984
2023,10,Sant Martí,67,la Vila Olímpica del Poblenou,7889,483,2842,4564,0.061224489795918366,0.36024844720496896,0.5785270629991127
2023,10,Sant Martí,68,el Poblenou,28573,3806,13108,11659,0.13320267385293807,0.45875476848773317,0.40804255765932873
2023,10,Sant Martí,69,Diagonal Mar i el Front Marítim del Poblenou,10883,1327,4701,4855,0.1219332904530001,0.43195809978866123,0.4461086097583387
2023,10,Sant Martí,70,el Besòs i el Maresme,23305,6967,12863,3475,0.2989487234499035,0.5519416434241579,0.14910963312593864
2023,10,Sant Martí,71,Provençals del Poblenou,17935,3189,9315,5431,0.17780875383328687,0.5193755227209367,0.3028157234457764
2023,10,Sant Martí,72,Sant Martí de Provençals,22577,4843,12383,5351,0.21451034238384195,0.5484785401071888,0.2370111175089693
2023,10,Sant Martí,73,la Verneda i la Pau,25230,6609,14196,4425,0.2619500594530321,0.5626634958382878,0.17538644470868014
2024,1,Ciutat Vella,1,el Raval,40568,9408,19338,11822,0.23190692171169394,0.47668112798264645,0.29141195030565964
2024,1,Ciutat Vella,2,el Barri Gòtic,25247,5420,12478,7349,0.21467897175902087,0.49423693904226246,0.2910840891987167
2024,1,Ciutat Vella,3,la Barceloneta,13401,2436,6359,4606,0.1817774792925901,0.474516827102455,0.34370569360495484
2024,1,Ciutat Vella,4,"Sant Pere, Santa Caterina i la Ribera",20447,2754,8347,9346,0.13468968552843938,0.4082261456448379,0.45708416882672276
2024,2,Eixample,5,el Fort Pienc,32307,3560,14913,13834,0.11019283746556474,0.4616027486303278,0.42820441390410746
2024,2,Eixample,6,la Sagrada Família,47544,5246,21523,20775,0.11033989567558472,0.45269644960457683,0.43696365471983845
2024,2,Eixample,7,la Dreta de l'Eixample,39906,2697,14485,22724,0.0675838219816569,0.3629779982959956,0.5694381797223476
2024,2,Eixample,8,l'Antiga Esquerra de l'Eixample,39541,2849,15561,21131,0.0720517943400521,0.39354088161654993,0.534407324043398
2024,2,Eixample,9,la Nova Esquerra de l'Eixample,52013,4776,22045,25192,0.09182319804664218,0.4238363486051564,0.4843404533482014
2024,2,Eixample,10,Sant Antoni,34722,4317,15473,14932,0.12433039571453257,0.4456252520016128,0.4300443522838546
2024,3,Sants-Montjuïc,11,el Poble-sec,34853,6550,16867,11436,0.18793217226637593,0.48394686253694086,0.3281209651966832
2024,3,Sants-Montjuïc,12,la Marina del Prat Vermell,1631,452,791,388,0.27713059472716123,0.48497854077253216,0.23789086450030655
2024,3,Sants-Montjuïc,13,la Marina de Port,26991,6909,14848,5234,0.2559742136267645,0.5501092956911563,0.19391649068207922
2024,3,Sants-Montjuïc,14,la Font de la Guatlla,9713,1736,4606,3371,0.17872953773293523,0.4742098218881911,0.3470606403788737
2024,3,Sants-Montjuïc,15,Hostafrancs,14355,2324,6812,5219,0.16189481017067223,0.4745384883315918,0.36356670149773596
2024,3,Sants-Montjuïc,16,la Bordeta,17824,3189,9037,5598,0.17891606822262118,0.5070130161579892,0.3140709156193896
2024,3,Sants-Montjuïc,17,Sants - Badal,22112,4051,11129,6932,0.18320369030390737,0.5033013748191028,0.3134949348769899
2024,3,Sants-Montjuïc,18,Sants,41676,6437,20371,14868,0.1544534024378539,0.4887945100297533,0.35675208753239274
2024,4,Les Corts,19,les Corts,40890,3815,17824,19251,0.09329909513328442,0.4359011983370017,0.47079970652971387
2024,4,Les Corts,20,la Maternitat i Sant Ramon,21330,2584,9536,9210,0.12114392873886545,0.4470698546647914,0.4317862165963432
2024,4,Les Corts,21,Pedralbes,10404,578,4073,5753,0.05555555555555555,0.39148404459823144,0.552960399846213
2024,5,Sarrià-Sant Gervasi,22,"Vallvidrera, el Tibidabo i les Planes",4053,404,1833,1816,0.0996792499383173,0.45225758697261287,0.44806316308906985
2024,5,Sarrià-Sant Gervasi,23,Sarrià,20747,1413,8043,11291,0.06810623222634597,0.3876705065792645,0.5442232611943896
2024,5,Sarrià-Sant Gervasi,24,les Tres Torres,13600,706,5207,7687,0.05191176470588235,0.38286764705882353,0.5652205882352941
2024,5,Sarrià-Sant Gervasi,25,Sant Gervasi - la Bonanova,22486,1249,9054,12183,0.05554567286311483,0.4026505381126034,0.5418037890242817
2024,5,Sarrià-Sant Gervasi,26,Sant Gervasi - Galvany,41392,2091,15891,23410,0.05051700811751063,0.3839147661383842,0.5655682257441051
2024,5,Sarrià-Sant Gervasi,27,el Putxet i el Farró,26062,1389,10249,14424,0.05329598649374569,0.39325454684981964,0.5534494666564347
2024,6,Gràcia,28,Vallcarca i els Penitents,14442,1406,6487,6549,0.09735493698933666,0.4491760144024373,0.453469048608226
2024,6,Gràcia,29,el Coll,6899,999,3428,2472,0.14480359472387302,0.4968836063197565,0.35831279895637047
2024,6,Gràcia,30,la Salut,11832,1224,5127,5481,0.10344827586206896,0.43331643002028397,0.4632352941176471
2024,6,Gràcia,31,la Vila de Gràcia,45368,4308,17832,23228,0.09495679774290249,0.3930523717157468,0.5119908305413507
2024,6,Gràcia,32,el Camp d'en Grassot i Gràcia Nova,32316,3165,14372,14779,0.09793910137393241,0.4447332590667162,0.4573276395593514
2024,7,Horta-Guinardó,33,el Baix Guinardó,23360,2967,11517,8876,0.12701198630136987,0.4930222602739726,0.37996575342465755
2024,7,Horta-Guinardó,34,Can Baró,8325,1361,4224,2740,0.1634834834834835,0.5073873873873874,0.3291291291291291
2024,7,Horta-Guinardó,35,el Guinardó,33460,4427,17205,11828,0.13230723251643753,0.514196054991034,0.3534967124925284
2024,7,Horta-Guinardó,36,la Font d'en Fargues,8466,1060,4231,3175,0.12520670918969998,0.4997637609260572,0.3750295298842429
2024,7,Horta-Guinardó,37,el Carmel,28777,7183,16569,5025,0.2496090627932029,0.5757723181707614,0.17461861903603573
2024,7,Horta-Guinardó,38,la Teixonera,10902,2413,6105,2384,0.22133553476426343,0.5599889928453495,0.2186754723903871
2024,7,Horta-Guinardó,39,Sant Genís dels Agudells,6742,1363,3774,1605,0.20216552951646397,0.5597745476119845,0.23805992287155148
2024,7,Horta-Guinardó,40,Montbau,4670,776,2429,1465,0.16616702355460386,0.5201284796573876,0.31370449678800855
2024,7,Horta-Guinardó,41,la Vall d'Hebron,5205,856,2605,1744,0.16445725264169067,0.5004803073967339,0.3350624399615754
2024,7,Horta-Guinardó,42,la Clota,678,105,327,246,0.15486725663716813,0.4823008849557522,0.36283185840707965
2024,7,Horta-Guinardó,43,Horta,27224,5169,14887,7168,0.1898692330296797,0.546833676168087,0.26329709080223335
2024,8,Nou Barris,44,Vilapicina i la Torre Llobeta,23163,4335,12635,6193,0.18715192332599404,0.5454820187367785,0.26736605793722745
2024,8,Nou Barris,45,Porta,27476,6365,15818,5293,0.23165671859077014,0.5757024312126947,0.19264085019653515
2024,8,Nou Barris,46,el Turó de la Peira,14331,3322,8352,2657,0.23180517758704905,0.5827925476240318,0.18540227478891913
2024,8,Nou Barris,47,Can Peguera,1878,642,1031,205,0.34185303514376997,0.5489882854100107,0.10915867944621938
2024,8,Nou Barris,48,la Guineueta,13480,2996,7570,2914,0.22225519287833828,0.5615727002967359,0.21617210682492582
2024,8,Nou Barris,49,Canyelles,6050,1769,3374,907,0.292396694214876,0.5576859504132231,0.14991735537190082
2024,8,Nou Barris,50,les Roquetes,14300,4305,8260,1735,0.3010489510489511,0.5776223776223777,0.12132867132867133
2024,8,Nou Barris,51,Verdun,11380,3026,6666,1688,0.2659050966608084,0.5857644991212654,0.14833040421792618
2024,8,Nou Barris,52,la Prosperitat,23902,6435,13797,3670,0.26922433269182494,0.5772320307924023,0.15354363651577274
2024,8,Nou Barris,53,la Trinitat Nova,6614,1936,3971,707,0.29271242818264287,0.6003931055337164,0.10689446628364076
2024,8,Nou Barris,54,Torre Baró,2554,890,1387,277,0.3484729835552075,0.5430696945967111,0.10845732184808145
2024,8,Nou Barris,55,Ciutat Meridiana,9094,3186,5170,738,0.3503408840994062,0.5685067077193754,0.08115240818121838
2024,8,Nou Barris,56,Vallbona,1187,428,651,108,0.36057287278854255,0.548441449031171,0.09098567818028644
2024,9,Sant Andreu,57,la Trinitat Vella,8817,2701,5058,1058,0.3063400249517977,0.5736645117386866,0.1199954633095157
2024,9,Sant Andreu,58,Baró de Viver,2188,754,1246,188,0.3446069469835466,0.5694698354661791,0.08592321755027423
2024,9,Sant Andreu,59,el Bon Pastor,13387,3275,7986,2126,0.24464032270112795,0.5965488907148726,0.1588107865839994
2024,9,Sant Andreu,60,Sant Andreu,50728,8554,27187,14987,0.16862482258318878,0.5359367607632866,0.29543841665352466
2024,9,Sant Andreu,61,la Sagrera,26647,4539,14240,7868,0.17033812436672047,0.5343941156602995,0.29526775997298005
2024,9,Sant Andreu,62,el Congrés i els Indians,13034,1928,6965,4141,0.1479208224643241,0.5343716433941997,0.3177075341414761
2024,9,Sant Andreu,63,Navas,19783,3062,10427,6294,0.1547793560127382,0.5270686953444876,0.3181519486427741
2024,10,Sant Martí,64,el Camp de l'Arpa del Clot,34847,4742,17222,12883,0.1360805808247482,0.49421757970557006,0.36970183946968177
2024,10,Sant Martí,65,el Clot,23728,3600,12068,8060,0.15171948752528658,0.508597437626433,0.33968307484828053
2024,10,Sant Martí,66,el Parc i la Llacuna del Poblenou,14765,1824,6595,6346,0.12353538774128005,0.4466644090755164,0.4298002031832035
2024,10,Sant Martí,67,la Vila Olímpica del Poblenou,8137,539,2928,4670,0.06624062922452993,0.3598377780508787,0.5739215927245914
2024,10,Sant Martí,68,el Poblenou,29680,3960,13456,12264,0.1334231805929919,0.45336927223719675,0.41320754716981134
2024,10,Sant Martí,69,Diagonal Mar i el Front Marítim del Poblenou,11300,1375,4903,5022,0.12168141592920353,0.43389380530973454,0.44442477876106196
2024,10,Sant Martí,70,el Besòs i el Maresme,26124,7386,14601,4137,0.2827285254937988,0.5589113458888378,0.15836012861736334
2024,10,Sant Martí,71,Provençals del Poblenou,18547,3213,9618,5716,0.17323556370302476,0.51857443252278,0.3081900037741953
2024,10,Sant Martí,72,Sant Martí de Provençals,23424,4889,12796,5739,0.20871755464480873,0.5462773224043715,0.24500512295081966
2024,10,Sant Martí,73,la Verneda i la Pau,26708,6642,15008,5058,0.24868953122659876,0.5619290100344466,0.18938145873895462
2025,1,Ciutat Vella,1,el Raval,43420,9605,21297,12518,0.2212114233072317,0.49048825426070936,0.28830032243205894
2025,1,Ciutat Vella,2,el Barri Gòtic,26013,5446,12938,7629,0.2093568600315227,0.49736670126475224,0.29327643870372505
2025,1,Ciutat Vella,3,la Barceloneta,13642,2400,6474,4768,0.1759272833895323,0.4745638469432635,0.34950886966720424
2025,1,Ciutat Vella,4,"Sant Pere, Santa Caterina i la Ribera",20786,2758,8449,9579,0.13268546136822862,0.40647551236409124,0.4608390262676802
2025,2,Eixample,5,el Fort Pienc,32869,3673,15022,14174,0.11174663056375309,0.45702637743770724,0.43122699199853964
2025,2,Eixample,6,la Sagrada Família,48204,5258,21564,21382,0.10907808480624015,0.44734876773711724,0.4435731474566426
2025,2,Eixample,7,la Dreta de l'Eixample,40706,2875,14508,23323,0.07062840858841449,0.35640937453937993,0.5729622168722056
2025,2,Eixample,8,l'Antiga Esquerra de l'Eixample,39801,2923,15194,21684,0.07344036581995428,0.38174920228134973,0.544810431898696
2025,2,Eixample,9,la Nova Esquerra de l'Eixample,52873,4854,22018,26001,0.0918048909651429,0.4164318272085942,0.49176328182626294
2025,2,Eixample,10,Sant Antoni,35256,4244,15546,15466,0.1203766734740186,0.44094622191967325,0.43867710460630815
2025,3,Sants-Montjuïc,11,el Poble-sec,36036,6578,17428,12030,0.18253968253968253,0.48362748362748365,0.33383283383283385
2025,3,Sants-Montjuïc,12,la Marina del Prat Vermell,2325,555,1087,683,0.23870967741935484,0.4675268817204301,0.29376344086021505
2025,3,Sants-Montjuïc,13,la Marina de Port,27705,6901,15202,5602,0.24908861216386935,0.5487096192023101,0.2022017686338206
2025,3,Sants-Montjuïc,14,la Font de la Guatlla,9901,1832,4612,3457,0.18503181496818502,0.4658115341884658,0.3491566508433492
2025,3,Sants-Montjuïc,15,Hostafrancs,14865,2304,7039,5522,0.1549949545913219,0.47352842246888666,0.37147662293979145
2025,3,Sants-Montjuïc,16,la Bordeta,18628,3258,9435,5935,0.17489800300622718,0.5064955980244793,0.31860639896929355
2025,3,Sants-Montjuïc,17,Sants - Badal,22517,3970,11290,7257,0.17631123151396721,0.5013989430208287,0.32228982546520407
2025,3,Sants-Montjuïc,18,Sants,41876,6297,20132,15447,0.15037252841723184,0.48075269844302226,0.3688747731397459
2025,4,Les Corts,19,les Corts,41275,3893,17589,19793,0.09431859479103574,0.4261417322834646,0.4795396729254997
2025,4,Les Corts,20,la Maternitat i Sant Ramon,21600,2565,9522,9513,0.11875,0.44083333333333335,0.4404166666666667
2025,4,Les Corts,21,Pedralbes,10545,678,3973,5894,0.06429587482219061,0.37676623992413466,0.5589378852536747
2025,5,Sarrià-Sant Gervasi,22,"Vallvidrera, el Tibidabo i les Planes",4141,418,1844,1879,0.1009418014972229,0.44530306689205507,0.45375513161072206
2025,5,Sarrià-Sant Gervasi,23,Sarrià,20957,1521,7836,11600,0.07257718184854703,0.37390847926707066,0.5535143388843823
2025,5,Sarrià-Sant Gervasi,24,les Tres Torres,13615,789,5045,7781,0.057950789570326844,0.37054719059860447,0.5715020198310686
2025,5,Sarrià-Sant Gervasi,25,Sant Gervasi - la Bonanova,22599,1379,8793,12427,0.06102039913270499,0.38908801274392674,0.5498915881233682
2025,5,Sarrià-Sant Gervasi,26,Sant Gervasi - Galvany,42288,2320,15679,24289,0.054861899356791526,0.37076712069617856,0.5743709799470299
2025,5,Sarrià-Sant Gervasi,27,el Putxet i el Farró,26405,1472,10074,14859,0.055747017610301076,0.381518651770498,0.5627343306192009
2025,6,Gràcia,28,Vallcarca i els Penitents,14698,1457,6428,6813,0.09912913321540345,0.4373384133895768,0.46353245339501975
2025,6,Gràcia,29,el Coll,7047,1013,3468,2566,0.1437491130977721,0.49212430821626224,0.36412657868596565
2025,6,Gràcia,30,la Salut,12178,1269,5180,5729,0.10420430284118903,0.4253572015109213,0.47043849564788964
2025,6,Gràcia,31,la Vila de Gràcia,46142,4358,17956,23828,0.0944475748775519,0.38914654761388756,0.5164058775085605
2025,6,Gràcia,32,el Camp d'en Grassot i Gràcia Nova,32691,3167,14254,15270,0.09687681624912055,0.43602214676822365,0.46710103698265576
2025,7,Horta-Guinardó,33,el Baix Guinardó,23595,2942,11542,9111,0.12468743377834286,0.48917143462598006,0.38614113159567703
2025,7,Horta-Guinardó,34,Can Baró,8487,1353,4249,2885,0.15942028985507245,0.5006480499587604,0.3399316601861671
2025,7,Horta-Guinardó,35,el Guinardó,34335,4426,17446,12463,0.1289063637687491,0.5081112567351099,0.362982379496141
2025,7,Horta-Guinardó,36,la Font d'en Fargues,8621,1063,4279,3279,0.12330356107180142,0.4963461315392646,0.380350307388934
2025,7,Horta-Guinardó,37,el Carmel,29328,7020,16920,5388,0.2393617021276596,0.5769230769230769,0.1837152209492635
2025,7,Horta-Guinardó,38,la Teixonera,11084,2341,6170,2573,0.21120534103211838,0.556658246120534,0.23213641284734754
2025,7,Horta-Guinardó,39,Sant Genís dels Agudells,6792,1340,3766,1686,0.1972909305064782,0.5544758539458187,0.24823321554770317
2025,7,Horta-Guinardó,40,Montbau,4753,753,2437,1563,0.15842625710077846,0.5127288028613507,0.3288449400378708
2025,7,Horta-Guinardó,41,la Vall d'Hebron,5304,858,2631,1815,0.16176470588235295,0.49604072398190047,0.3421945701357466
2025,7,Horta-Guinardó,42,la Clota,874,118,409,347,0.13501144164759726,0.4679633867276888,0.39702517162471396
2025,7,Horta-Guinardó,43,Horta,27404,5022,14865,7517,0.1832579185520362,0.5424390599912422,0.27430302145672164
2025,8,Nou Barris,44,Vilapicina i la Torre Llobeta,23445,4269,12769,6407,0.18208573256557903,0.544636383024099,0.273277884410322
2025,8,Nou Barris,45,Porta,27576,6259,15918,5399,0.22697272991006673,0.5772410791993038,0.19578619089062954
2025,8,Nou Barris,46,el Turó de la Peira,14878,3327,8676,2875,0.2236187659631671,0.5831428955504773,0.1932383384863557
2025,8,Nou Barris,47,Can Peguera,1888,658,1026,204,0.3485169491525424,0.5434322033898306,0.10805084745762712
2025,8,Nou Barris,48,la Guineueta,13749,2944,7719,3086,0.21412466361189905,0.5614226489199214,0.2244526874681795
2025,8,Nou Barris,49,Canyelles,6070,1709,3419,942,0.2815485996705107,0.5632619439868204,0.15518945634266887
2025,8,Nou Barris,50,les Roquetes,14638,4227,8592,1819,0.28876895750785625,0.5869654324361252,0.12426561005601858
2025,8,Nou Barris,51,Verdun,11665,3028,6831,1806,0.25957993999142737,0.5855979425632233,0.15482211744534932
2025,8,Nou Barris,52,la Prosperitat,24536,6430,14153,3953,0.26206390609716335,0.5768258884903815,0.16111020541245516
2025,8,Nou Barris,53,la Trinitat Nova,6815,1924,4118,773,0.28231841526045487,0.6042553191489362,0.11342626559060895
2025,8,Nou Barris,54,Torre Baró,2663,909,1443,311,0.34134434847915884,0.5418700713481036,0.11678558017273752
2025,8,Nou Barris,55,Ciutat Meridiana,9316,3191,5336,789,0.34252898239587803,0.5727780163160154,0.08469300128810649
2025,8,Nou Barris,56,Vallbona,1214,429,661,124,0.35337726523887975,0.5444810543657331,0.10214168039538715
2025,9,Sant Andreu,57,la Trinitat Vella,9246,2778,5229,1239,0.30045425048669694,0.5655418559377028,0.13400389357560025
2025,9,Sant Andreu,58,Baró de Viver,2257,755,1290,212,0.334514842711564,0.5715551617190961,0.09392999556933983
2025,9,Sant Andreu,59,el Bon Pastor,13549,3306,8046,2197,0.24400324747213817,0.5938445641744778,0.16215218835338402
2025,9,Sant Andreu,60,Sant Andreu,51213,8424,27212,15577,0.16448948509167594,0.5313494620506513,0.30416105285767286
2025,9,Sant Andreu,61,la Sagrera,27230,4512,14519,8199,0.16569959603378626,0.5331986779287551,0.30110172603745866
2025,9,Sant Andreu,62,el Congrés i els Indians,13268,1859,7037,4372,0.14011154657823335,0.530373831775701,0.3295146216460657
2025,9,Sant Andreu,63,Navas,20156,2979,10524,6653,0.1477971819805517,0.5221274062313951,0.33007541178805316
2025,10,Sant Martí,64,el Camp de l'Arpa del Clot,35636,4701,17406,13529,0.1319171624200247,0.4884386575373218,0.3796441800426535
2025,10,Sant Martí,65,el Clot,24106,3543,12093,8470,0.14697585663320334,0.5016593379241683,0.3513648054426284
2025,10,Sant Martí,66,el Parc i la Llacuna del Poblenou,15328,1915,6759,6654,0.1249347599164927,0.44095772442588727,0.43410751565762007
2025,10,Sant Martí,67,la Vila Olímpica del Poblenou,8197,552,2886,4759,0.06734171038184701,0.3520800292790045,0.5805782603391485
2025,10,Sant Martí,68,el Poblenou,30023,3875,13443,12705,0.12906771475202344,0.44775671984811644,0.4231755653998601
2025,10,Sant Martí,69,Diagonal Mar i el Front Marítim del Poblenou,11548,1422,4891,5235,0.12313820574991341,0.4235365431243505,0.4533252511257361
2025,10,Sant Martí,70,el Besòs i el Maresme,26451,7331,14725,4395,0.27715398283618764,0.5566897281766284,0.16615628898718385
2025,10,Sant Martí,71,Provençals del Poblenou,18920,3219,9722,5979,0.17013742071881607,0.5138477801268498,0.31601479915433406
2025,10,Sant Martí,72,Sant Martí de Provençals,23866,4783,12961,6122,0.20041062599513954,0.5430738288779016,0.25651554512695884
2025,10,Sant Martí,73,la Verneda i la Pau,27548,6566,15543,5439,0.23834761144184696,0.564215188035429,0.19743720052272398
