Any,Codi_Districte,Nom_Districte,Codi_Barri,Nom_Barri,pct_barcelona,pct_cat,pct_espanya,pct_ue,pct_fora_ue
2015,1,Ciutat Vella,1,el Raval,0.2780736183303278,0.04451044871114883,0.11613450726636257,0.08017396838867084,0.48110745730348997
2015,1,Ciutat Vella,2,el Barri Gòtic,0.30790559711116844,0.06454733041011092,0.14250709311323187,0.1668171266443126,0.3182228527211762
2015,1,Ciutat Vella,3,la Barceloneta,0.4434690077148178,0.044293695131683956,0.14811119978717743,0.12603085927108273,0.23809523809523808
2015,1,Ciutat Vella,4,"Sant Pere, Santa Caterina i la Ribera",0.3337192732454578,0.057623797648735306,0.1503384396152476,0.15149625935162095,0.3068222301389384
2015,2,Eixample,5,el Fort Pienc,0.499793853667819,0.08413941835019505,0.17005486663918049,0.05883099172243189,0.1871808696203736
2015,2,Eixample,6,la Sagrada Família,0.5135685475976035,0.08286016368406626,0.16683635509261072,0.04442573520773779,0.19230919841798175
2015,2,Eixample,7,la Dreta de l'Eixample,0.5257113984520337,0.09466939206724696,0.13637720768930434,0.07889116005603913,0.16435084173537584
2015,2,Eixample,8,l'Antiga Esquerra de l'Eixample,0.5101683113640183,0.0970971691997407,0.14266849144037072,0.06624408749309707,0.18382194050277317
2015,2,Eixample,9,la Nova Esquerra de l'Eixample,0.5152897507501778,0.09616151804762979,0.1610150382460583,0.04275579761677623,0.18477789533935787
2015,2,Eixample,10,Sant Antoni,0.5010521885521886,0.08333333333333333,0.15809132996632996,0.060106271043771045,0.1974168771043771
2015,3,Sants-Montjuïc,11,el Poble-sec,0.4239041249160844,0.05442701210870484,0.1524155250006216,0.06894751236977548,0.30030582560481367
2015,3,Sants-Montjuïc,12,la Marina del Prat Vermell,0.7094474153297683,0.0427807486631016,0.12388591800356506,0.01693404634581105,0.10695187165775401
2015,3,Sants-Montjuïc,13,la Marina de Port,0.527449617790132,0.05860551308779245,0.2215493563652007,0.021741288593269136,0.17065422416360568
2015,3,Sants-Montjuïc,14,la Font de la Guatlla,0.46981677917068465,0.07444551591128254,0.2099324975891996,0.04985535197685632,0.19594985535197684
2015,3,Sants-Montjuïc,15,Hostafrancs,0.48096205102170325,0.08141896179718239,0.1714050006345983,0.048927528874222616,0.21728645767229343
2015,3,Sants-Montjuïc,16,la Bordeta,0.5425757658196855,0.08150606670656728,0.199738832363023,0.025518254529626205,0.150661080581098
2015,3,Sants-Montjuïc,17,Sants - Badal,0.4809462329765524,0.09004206405397526,0.20457290408562742,0.027820582233143144,0.19661821665070175
2015,3,Sants-Montjuïc,18,Sants,0.5299031893459138,0.09039756253378545,0.1618998476583616,0.038748832866479926,0.17905056759545923
2015,4,Les Corts,19,les Corts,0.5697666833373198,0.11093957250646894,0.1720628846028398,0.029876709647959295,0.11735414990541217
2015,4,Les Corts,20,la Maternitat i Sant Ramon,0.5240675403225806,0.11164314516129033,0.20837533602150538,0.02549563172043011,0.13041834677419356
2015,4,Les Corts,21,Pedralbes,0.5575379887314325,0.10056342837630186,0.14111319788287519,0.070257811166126,0.13052757384326447
2015,5,Sarrià-Sant Gervasi,22,"Vallvidrera, el Tibidabo i les Planes",0.6255430060816681,0.08644656820156386,0.11642050390964379,0.07080799304952215,0.10078192875760209
2015,5,Sarrià-Sant Gervasi,23,Sarrià,0.6486804709703613,0.09175801867641088,0.10535931790499391,0.060941940722695896,0.09326025172553797
2015,5,Sarrià-Sant Gervasi,24,les Tres Torres,0.6535361493242834,0.09132779831525362,0.115326343857948,0.034300951457487426,0.10550875704502757
2015,5,Sarrià-Sant Gervasi,25,Sant Gervasi - la Bonanova,0.6521430542959662,0.09041441583533773,0.11359962146603052,0.03678877015890541,0.1070541382437601
2015,5,Sarrià-Sant Gervasi,26,Sant Gervasi - Galvany,0.6357777539877958,0.08986189915426614,0.11401348891981587,0.0433786532491168,0.11696820468900546
2015,5,Sarrià-Sant Gervasi,27,el Putxet i el Farró,0.6127575987318217,0.09283892756220277,0.11596250603073954,0.047453304845268454,0.1309876628299676
2015,6,Gràcia,28,Vallcarca i els Penitents,0.5746504285069914,0.08409046974676203,0.16476577099039885,0.047619047619047616,0.12887428313680005
2015,6,Gràcia,29,el Coll,0.5444157257515985,0.06584138212488097,0.19902054142293565,0.0474765338049245,0.14324581689566046
2015,6,Gràcia,30,la Salut,0.5864599092284417,0.0905446293494705,0.15665658093797277,0.047428139183055974,0.118910741301059
2015,6,Gràcia,31,la Vila de Gràcia,0.5286895813086336,0.09335766278585454,0.14314048275451716,0.07689561474840834,0.1579166584025863
2015,6,Gràcia,32,el Camp d'en Grassot i Gràcia Nova,0.5829867563342477,0.09403297643276406,0.15503052827183436,0.04276907648290712,0.12518066247824677
2015,7,Horta-Guinardó,33,el Baix Guinardó,0.5480920226130653,0.08322864321608041,0.18404522613065327,0.03384108040201005,0.15079302763819097
2015,7,Horta-Guinardó,34,Can Baró,0.5551903898458749,0.057796917497733455,0.2136219401631913,0.03830462375339982,0.13508612873980055
2015,7,Horta-Guinardó,35,el Guinardó,0.5561797752808989,0.0725865056738778,0.1774554195315557,0.03046564928168148,0.16331265023198613
2015,7,Horta-Guinardó,36,la Font d'en Fargues,0.6488931460195828,0.06779480630055343,0.19359301830566197,0.019689229459344402,0.07002979991485739
2015,7,Horta-Guinardó,37,el Carmel,0.4831939453683976,0.03628327026425414,0.30381276433364074,0.02152828568702897,0.15518173434667853
2015,7,Horta-Guinardó,38,la Teixonera,0.4970507967250638,0.041024738093142,0.27933796989171583,0.026058631921824105,0.15652786336825425
2015,7,Horta-Guinardó,39,Sant Genís dels Agudells,0.49724743341764616,0.060258890046124086,0.2688588007736944,0.02127659574468085,0.15235828001785448
2015,7,Horta-Guinardó,40,Montbau,0.5429478278119421,0.07716722872445943,0.22733584606228924,0.018250347153342592,0.13429875024796667
2015,7,Horta-Guinardó,41,la Vall d'Hebron,0.5194805194805194,0.07243460764587525,0.27547100786537404,0.021035302725443572,0.11157856228278763
2015,7,Horta-Guinardó,42,la Clota,0.6233766233766234,0.04081632653061224,0.15955473098330242,0.00927643784786642,0.16697588126159554
2015,7,Horta-Guinardó,43,Horta,0.5729237512279907,0.05943474646716542,0.22950200256933423,0.022595027582558755,0.11554447215295095
2015,8,Nou Barris,44,Vilapicina i la Torre Llobeta,0.5189843565757409,0.060294002043864474,0.23437622828393995,0.019652543039069256,0.16669287005738542
2015,8,Nou Barris,45,Porta,0.47745336243462505,0.05505909484001153,0.2689535889305275,0.016472429271506814,0.18206152452332908
2015,8,Nou Barris,46,el Turó de la Peira,0.4362438005742626,0.045288436439571915,0.21658835813103627,0.014030279300443748,0.28784912555468545
2015,8,Nou Barris,47,Can Peguera,0.6571302816901409,0.0488556338028169,0.18265845070422534,0.012764084507042254,0.09859154929577464
2015,8,Nou Barris,48,la Guineueta,0.5406641479419367,0.058991184463445354,0.2818320408298535,0.013123881487373236,0.10538874527739113
2015,8,Nou Barris,49,Canyelles,0.556515478761699,0.0503959683225342,0.3252699784017279,0.009791216702663787,0.05802735781137509
2015,8,Nou Barris,50,les Roquetes,0.46136363636363636,0.03441558441558441,0.25207792207792207,0.02214285714285714,0.23
2015,8,Nou Barris,51,Verdun,0.46097840314136124,0.04180301047120419,0.268488219895288,0.01832460732984293,0.21040575916230367
2015,8,Nou Barris,52,la Prosperitat,0.4635414660452217,0.04630021956010939,0.3014521782674011,0.014906975848387967,0.17379916027887987
2015,8,Nou Barris,53,la Trinitat Nova,0.5154737559645535,0.04621676891615542,0.19686434901158828,0.014996591683708248,0.22644853442399454
2015,8,Nou Barris,54,Torre Baró,0.5014630577907827,0.0548646671543526,0.21762984637893196,0.017922457937088514,0.2081199707388442
2015,8,Nou Barris,55,Ciutat Meridiana,0.36146108018361167,0.03418302568610216,0.23205391151479637,0.016310186541654458,0.35599179607383535
2015,8,Nou Barris,56,Vallbona,0.5307346326836582,0.07721139430284858,0.23613193403298352,0.024737631184407798,0.13118440779610194
2015,9,Sant Andreu,57,la Trinitat Vella,0.399880810488677,0.03804131903059198,0.20371473976956694,0.020858164481525627,0.33750496622963844
2015,9,Sant Andreu,58,Baró de Viver,0.6067687348912167,0.09226430298146655,0.15189363416599516,0.015310233682514102,0.13376309427880742
2015,9,Sant Andreu,59,el Bon Pastor,0.5706210191082802,0.07635350318471337,0.17818471337579617,0.018710191082802547,0.15613057324840765
2015,9,Sant Andreu,60,Sant Andreu,0.6009809476591826,0.07470429917132941,0.2133295559175579,0.014962107798002692,0.09602308945392733
2015,9,Sant Andreu,61,la Sagrera,0.5096396801772178,0.06507216780312208,0.2327368384618047,0.018067910421930705,0.17448340313592467
2015,9,Sant Andreu,62,el Congrés i els Indians,0.563189747241011,0.07105731577073691,0.18013527945888216,0.021858312566749732,0.16375934496262015
2015,9,Sant Andreu,63,Navas,0.5414674135810903,0.07059252174705105,0.18955230678143645,0.024138088081249714,0.17424966980917247
2015,10,Sant Martí,64,el Camp de l'Arpa del Clot,0.5330450733752621,0.07817085953878407,0.17049266247379455,0.03380503144654088,0.18448637316561844
2015,10,Sant Martí,65,el Clot,0.5512849079025549,0.07204396910279263,0.19229055258467023,0.03249405822935235,0.15188651218062982
2015,10,Sant Martí,66,el Parc i la Llacuna del Poblenou,0.48487114979261575,0.07051064119126946,0.19609709662065683,0.0639831372815666,0.18453797511389133
2015,10,Sant Martí,67,la Vila Olímpica del Poblenou,0.530704104597578,0.09816739899260529,0.16043296538420318,0.08016289786732397,0.13053263315828958
2015,10,Sant Martí,68,el Poblenou,0.5813543099838487,0.07223185978345396,0.13931925584734103,0.06146437757970928,0.14563019680564696
2015,10,Sant Martí,69,Diagonal Mar i el Front Marítim del Poblenou,0.540049360556428,0.0849599880338045,0.16775110313364744,0.05975618876673398,0.147483359509386
2015,10,Sant Martí,70,el Besòs i el Maresme,0.4451449085018825,0.05003940110323089,0.21066456527449434,0.023421766920584886,0.27072935819980737
2015,10,Sant Martí,71,Provençals del Poblenou,0.5621683281257749,0.06799583395328077,0.19877994346079453,0.03154292515994644,0.13951296930020335
2015,10,Sant Martí,72,Sant Martí de Provençals,0.5315388170055453,0.06739063462723352,0.24792051756007394,0.020140172520024646,0.1330098582871226
2015,10,Sant Martí,73,la Verneda i la Pau,0.49272132061015533,0.06080657518980288,0.2975900257714007,0.01699519398202967,0.1318868844466114
2016,1,Ciutat Vella,1,el Raval,0.27267910131411616,0.04398050021195422,0.11297159813480288,0.08198389147944043,0.48838490885968633
2016,1,Ciutat Vella,2,el Barri Gòtic,0.3009350550219452,0.0624006106481776,0.1363780929966287,0.17346224794860376,0.32682399338464474
2016,1,Ciutat Vella,3,la Barceloneta,0.4335214072353136,0.04394291403916362,0.14649850647195486,0.1315632260205775,0.24447394623299037
2016,1,Ciutat Vella,4,"Sant Pere, Santa Caterina i la Ribera",0.33255855533702844,0.055918111925621315,0.14750581083497227,0.15550688360450562,0.30851063829787234
2016,2,Eixample,5,el Fort Pienc,0.4967165498516133,0.08344383405948096,0.16698238302708845,0.06090168592536465,0.1919555471364526
2016,2,Eixample,6,la Sagrada Família,0.5066027813486035,0.08207705192629816,0.16434887616376456,0.04586887928012154,0.20110241128121226
2016,2,Eixample,7,la Dreta de l'Eixample,0.5216754070579613,0.09384661185792476,0.13442645475988732,0.08214441111136556,0.16790711521286097
2016,2,Eixample,8,l'Antiga Esquerra de l'Eixample,0.5053483596771883,0.09689126593763431,0.1413017525428585,0.06711713862757271,0.1893414832147462
2016,2,Eixample,9,la Nova Esquerra de l'Eixample,0.5134259018496369,0.09610484164543139,0.15984537244093122,0.04364934907344809,0.18697453499055247
2016,2,Eixample,10,Sant Antoni,0.4947148090005233,0.08338566195709053,0.15625327053898483,0.061067503924646785,0.20457875457875457
2016,3,Sants-Montjuïc,11,el Poble-sec,0.420465023550228,0.05502529468936128,0.1480798464874025,0.07085005108779625,0.305579784185212
2016,3,Sants-Montjuïc,12,la Marina del Prat Vermell,0.7172774869109948,0.05148342059336824,0.1169284467713787,0.014834205933682374,0.09947643979057591
2016,3,Sants-Montjuïc,13,la Marina de Port,0.528110599078341,0.05961158657011192,0.21560236998025017,0.021362738643844633,0.17531270572745228
2016,3,Sants-Montjuïc,14,la Font de la Guatlla,0.4651929416327322,0.07446189645142524,0.2094240837696335,0.049738219895287955,0.20118285825092108
2016,3,Sants-Montjuïc,15,Hostafrancs,0.47684574300973925,0.08143261074458058,0.1688344329249136,0.05045554508325479,0.2224316682375118
2016,3,Sants-Montjuïc,16,la Bordeta,0.5392093324692158,0.08138906891337222,0.19685677252106287,0.026301577014473967,0.15624324908187515
2016,3,Sants-Montjuïc,17,Sants - Badal,0.47709987463435016,0.08997074801504387,0.20104471374843294,0.029084830756372755,0.20279983284580025
2016,3,Sants-Montjuïc,18,Sants,0.5268688155187616,0.09015871460762222,0.1613843440775938,0.03926227099049672,0.18232585480552563
2016,4,Les Corts,19,les Corts,0.5705923314618967,0.11054532793663228,0.1699960830395613,0.030399965182573877,0.11846629237933586
2016,4,Les Corts,20,la Maternitat i Sant Ramon,0.5252021619809779,0.1122470356559266,0.20639376545020321,0.024636527422801358,0.13152050949009092
2016,4,Les Corts,21,Pedralbes,0.5519305344798516,0.09897150564828865,0.1401955825324566,0.07233181588265047,0.13657056145675264
2016,5,Sarrià-Sant Gervasi,22,"Vallvidrera, el Tibidabo i les Planes",0.627881921999569,0.09135962077138547,0.11118293471234647,0.07304460245636717,0.09653092006033183
2016,5,Sarrià-Sant Gervasi,23,Sarrià,0.648882974433422,0.0926284377772401,0.10299217678845068,0.060851681587224773,0.09464472941366239
2016,5,Sarrià-Sant Gervasi,24,les Tres Torres,0.6647051686483864,0.0927566124727008,0.1161125940305751,0.032880368842513955,0.09354525600582383
2016,5,Sarrià-Sant Gervasi,25,Sant Gervasi - la Bonanova,0.652300524170064,0.08907008347893614,0.10980392156862745,0.03692486895748398,0.11190060182488837
2016,5,Sarrià-Sant Gervasi,26,Sant Gervasi - Galvany,0.6332400101807075,0.08997200305421227,0.11262407737337744,0.044370917112072625,0.1197929922796301
2016,5,Sarrià-Sant Gervasi,27,el Putxet i el Farró,0.6100631076240832,0.09217124339075558,0.11478765137301723,0.04854170220023878,0.13443629541190516
2016,6,Gràcia,28,Vallcarca i els Penitents,0.5696826209367801,0.08567954952649091,0.1619529050422319,0.0473509086255439,0.13533401586895316
2016,6,Gràcia,29,el Coll,0.5425517521309701,0.06805574347179001,0.19564335002029495,0.04654309295088621,0.14720606142605872
2016,6,Gràcia,30,la Salut,0.5869532083523853,0.08931565310166133,0.15660722450845907,0.04420057918000305,0.12292333485749124
2016,6,Gràcia,31,la Vila de Gràcia,0.525350444225074,0.09328726554787758,0.14071076011846,0.07879565646594275,0.16185587364264561
2016,6,Gràcia,32,el Camp d'en Grassot i Gràcia Nova,0.5780378878542864,0.09302664993140489,0.15193087947692577,0.0455354797279547,0.13146910300942818
2016,7,Horta-Guinardó,33,el Baix Guinardó,0.5459275487051092,0.08254440184649088,0.1795242938737188,0.035247633205539475,0.1567561223691417
2016,7,Horta-Guinardó,34,Can Baró,0.5507860408072249,0.06154532277845914,0.2109488237261679,0.03880031218641989,0.1379195005017282
2016,7,Horta-Guinardó,35,el Guinardó,0.5567719996682425,0.07221254596223493,0.1725968317160156,0.031544607558541375,0.16687401509496558
2016,7,Horta-Guinardó,36,la Font d'en Fargues,0.654435226547543,0.06838970431823016,0.1891087002765369,0.0194639438417358,0.06860242501595405
2016,7,Horta-Guinardó,37,el Carmel,0.4837753410684687,0.03643376259084534,0.2956776743593013,0.02161162820349356,0.1625015937778911
2016,7,Horta-Guinardó,38,la Teixonera,0.499822695035461,0.041666666666666664,0.27367021276595743,0.023936170212765957,0.16090425531914893
2016,7,Horta-Guinardó,39,Sant Genís dels Agudells,0.49417388706304155,0.06005377950403346,0.26307140723035555,0.022557514191813566,0.1601434120107559
2016,7,Horta-Guinardó,40,Montbau,0.5495745101919651,0.07678606768256481,0.22382742924995053,0.01682169008509796,0.13299030279042154
2016,7,Horta-Guinardó,41,la Vall d'Hebron,0.5305081765429928,0.07139089150694566,0.2611218568665377,0.022155793915948654,0.11482328116757518
2016,7,Horta-Guinardó,42,la Clota,0.6393162393162393,0.046153846153846156,0.15213675213675212,0,0.1623931623931624
2016,7,Horta-Guinardó,43,Horta,0.5723310645658632,0.060730267363591925,0.22325423983755124,0.022487120670853233,0.12119730756214041
2016,8,Nou Barris,44,Vilapicina i la Torre Llobeta,0.5181832432008778,0.059604984716670584,0.2299553256524806,0.01896700368367427,0.17328944274629673
2016,8,Nou Barris,45,Porta,0.4774976581273164,0.056123487964810814,0.25976459088502424,0.01730949374821814,0.18930476927463039
2016,8,Nou Barris,46,el Turó de la Peira,0.4384946517088443,0.045656144012522826,0.2087790242629794,0.013892512392381946,0.2931776676232716
2016,8,Nou Barris,47,Can Peguera,0.6637010676156584,0.0449288256227758,0.175711743772242,0.008896797153024912,0.10676156583629894
2016,8,Nou Barris,48,la Guineueta,0.5434840425531915,0.05844414893617021,0.27513297872340425,0.014228723404255319,0.10871010638297872
2016,8,Nou Barris,49,Canyelles,0.5584960231381055,0.04960231381055676,0.31988430947216195,0.008821402747650036,0.06319595083152567
2016,8,Nou Barris,50,les Roquetes,0.4618080342656889,0.034849763125446166,0.2446622103965215,0.022649101174638198,0.23603089103770525
2016,8,Nou Barris,51,Verdun,0.45799347471451873,0.04192495921696574,0.2601141924959217,0.016884176182707992,0.2230831973898858
2016,8,Nou Barris,52,la Prosperitat,0.4654494060124527,0.047748195118224535,0.2922953512357233,0.01535581955002101,0.17915122808357845
2016,8,Nou Barris,53,la Trinitat Nova,0.5216972034715526,0.04422096707535473,0.18583826973412315,0.013776002204160353,0.23446755751480922
2016,8,Nou Barris,54,Torre Baró,0.5003579098067287,0.05941302791696493,0.20973514674302077,0.019327129563350035,0.21116678596993557
2016,8,Nou Barris,55,Ciutat Meridiana,0.3679761312779712,0.03361511685728493,0.22734957732471409,0.015216310293386374,0.35584286424664346
2016,8,Nou Barris,56,Vallbona,0.5310192023633677,0.07533234859675036,0.2311669128508124,0.016986706056129987,0.14549483013293943
2016,9,Sant Andreu,57,la Trinitat Vella,0.3980891719745223,0.03911226114649682,0.19814888535031847,0.02129777070063694,0.34335191082802546
2016,9,Sant Andreu,58,Baró de Viver,0.6073277578653923,0.09199522102747909,0.1449621664675428,0.015531660692951015,0.1401831939466348
2016,9,Sant Andreu,59,el Bon Pastor,0.5674130538351596,0.07654438621565825,0.17492456725424804,0.019612513895505796,0.1615054787994283
2016,9,Sant Andreu,60,Sant Andreu,0.6035498782596422,0.07496735946928261,0.20898761424185752,0.014767634708352448,0.09772751332086524
2016,9,Sant Andreu,61,la Sagrera,0.5116343682711676,0.06588178092658192,0.22893658401055775,0.019274848926859763,0.17427241786483294
2016,9,Sant Andreu,62,el Congrés i els Indians,0.566049822064057,0.06925266903914591,0.17622775800711743,0.022419928825622777,0.16604982206405694
2016,9,Sant Andreu,63,Navas,0.5402652663980807,0.06948531076003803,0.18686342854556154,0.02408220542302295,0.17930378887329682
2016,10,Sant Martí,64,el Camp de l'Arpa del Clot,0.5304147102798835,0.07756472470686987,0.16926789602077486,0.03530677019122314,0.1874458988012486
2016,10,Sant Martí,65,el Clot,0.5471123491179202,0.07201485608170845,0.1906406685236769,0.03324048282265552,0.156991643454039
2016,10,Sant Martí,66,el Parc i la Llacuna del Poblenou,0.48303258820360895,0.07009157015890116,0.19189334769727984,0.0661190412065715,0.18886345273363855
2016,10,Sant Martí,67,la Vila Olímpica del Poblenou,0.5352670448464091,0.09921866638124799,0.15744407577865782,0.07738413785721932,0.1306860751364658
2016,10,Sant Martí,68,el Poblenou,0.578036229513073,0.07329188851542283,0.13807668282816266,0.06362473601237395,0.14697046313096762
2016,10,Sant Martí,69,Diagonal Mar i el Front Marítim del Poblenou,0.5423438198896675,0.08342030714179216,0.16564783062472044,0.05829730132697182,0.15029074101684806
2016,10,Sant Martí,70,el Besòs i el Maresme,0.44536634619605775,0.049299793669607975,0.20453048860792836,0.02278414328987225,0.27801922823653363
2016,10,Sant Martí,71,Provençals del Poblenou,0.5576272018056032,0.0683970364555223,0.19469113389921985,0.033511603944850595,0.14577302389480398
2016,10,Sant Martí,72,Sant Martí de Provençals,0.5322165443577823,0.06623890575171937,0.2408652553117916,0.020824528374380452,0.13985476620432627
2016,10,Sant Martí,73,la Verneda i la Pau,0.49333658945018144,0.06143594753000279,0.2902944459949763,0.017687691878314264,0.13724532514652527
2017,1,Ciutat Vella,1,el Raval,0.26640354174497766,0.04283089003048908,0.10819446184688636,0.08539030196717204,0.49718080441047485
2017,1,Ciutat Vella,2,el Barri Gòtic,0.2847988169326514,0.05767453324296013,0.12699488569844106,0.17628935855567193,0.3542424055702754
2017,1,Ciutat Vella,3,la Barceloneta,0.41649552832063597,0.04332560450480291,0.1388539251407751,0.14176879761510433,0.2595561444186817
2017,1,Ciutat Vella,4,"Sant Pere, Santa Caterina i la Ribera",0.3210841007288439,0.055208833413346134,0.140226072535242,0.1598655784925588,0.32361541483000916
2017,2,Eixample,5,el Fort Pienc,0.48497586797446673,0.08111474388914837,0.16064144480772224,0.06486065701385646,0.20840728631480618
2017,2,Eixample,6,la Sagrada Família,0.49878015722418,0.07973511985439337,0.16076753281957945,0.04836773419045037,0.2123494559113968
2017,2,Eixample,7,la Dreta de l'Eixample,0.5101362052581565,0.09305850943481606,0.13007375899361961,0.08394044979410833,0.18279107651929952
2017,2,Eixample,8,l'Antiga Esquerra de l'Eixample,0.49552224736048267,0.0943156108597285,0.13708993212669685,0.06822680995475112,0.20484539969834087
2017,2,Eixample,9,la Nova Esquerra de l'Eixample,0.5031118731247322,0.09465923703386198,0.15578225460780112,0.04586369481354479,0.20058294042006
2017,2,Eixample,10,Sant Antoni,0.4877655563356476,0.08157162545180331,0.1524559898067972,0.06394154510232207,0.2142652833034298
2017,3,Sants-Montjuïc,11,el Poble-sec,0.413193670603967,0.05380977143847659,0.14327811207686403,0.07406581977564818,0.3156526261050442
2017,3,Sants-Montjuïc,12,la Marina del Prat Vermell,0.7089487402258905,0.05039096437880104,0.11381407471763684,0.015638575152041704,0.11120764552562988
2017,3,Sants-Montjuïc,13,la Marina de Port,0.5262710756763822,0.05950202587897007,0.2085021565808391,0.021598483858319174,0.18412625800548948
2017,3,Sants-Montjuïc,14,la Font de la Guatlla,0.45791342739226415,0.07198387561186294,0.2080813897686918,0.05144447643727805,0.21057683078990305
2017,3,Sants-Montjuïc,15,Hostafrancs,0.47130761994355597,0.0779554719347758,0.16732518030730636,0.05236751332706178,0.2310442144873001
2017,3,Sants-Montjuïc,16,la Bordeta,0.5334087724970363,0.08093544562991702,0.1930164888457808,0.027589179868520313,0.16505011315874554
2017,3,Sants-Montjuïc,17,Sants - Badal,0.4728391980700441,0.08871974045420514,0.19607353797521004,0.029947591714499625,0.2124199317860411
2017,3,Sants-Montjuïc,18,Sants,0.5208525289753164,0.09041753552204064,0.1586974443528442,0.042190000484942536,0.18784249066485623
2017,4,Les Corts,19,les Corts,0.5671541399062663,0.10959468842214894,0.16767922235722965,0.031222877972574205,0.12434907134178094
2017,4,Les Corts,20,la Maternitat i Sant Ramon,0.5197464448058718,0.11155594478502022,0.20213520163476376,0.025981066766754244,0.14058134200758998
2017,4,Les Corts,21,Pedralbes,0.5399157929497235,0.0977462230661273,0.13704284652852308,0.07372244695781392,0.15157269049781227
2017,5,Sarrià-Sant Gervasi,22,"Vallvidrera, el Tibidabo i les Planes",0.6259330347622094,0.09042439752612497,0.10386009810194072,0.07506931115376413,0.10471315845596076
2017,5,Sarrià-Sant Gervasi,23,Sarrià,0.6462734157034675,0.0917895575926664,0.09920286966919091,0.06189717018732563,0.10083698684734954
2017,5,Sarrià-Sant Gervasi,24,les Tres Torres,0.6619153141282865,0.09133377253398814,0.1128346409534647,0.03503623405402168,0.09888003833023896
2017,5,Sarrià-Sant Gervasi,25,Sant Gervasi - la Bonanova,0.6473767517275991,0.08829093155232985,0.10705323707678648,0.039647917229664514,0.11763116241362004
2017,5,Sarrià-Sant Gervasi,26,Sant Gervasi - Galvany,0.6255020080321285,0.08956659973226239,0.10964692101740295,0.04674949799196787,0.12853497322623827
2017,5,Sarrià-Sant Gervasi,27,el Putxet i el Farró,0.6103015926804473,0.09264656048797018,0.11067434767875296,0.04825482887156896,0.1381226702812606
2017,6,Gràcia,28,Vallcarca i els Penitents,0.5693698249162505,0.08387586119714303,0.15820744579988621,0.04778459010176348,0.1407622779849567
2017,6,Gràcia,29,el Coll,0.5422724824986538,0.06610123855681206,0.18739903069466882,0.047253634894991924,0.15697361335487345
2017,6,Gràcia,30,la Salut,0.5792941532868827,0.08951832777946077,0.15661920630112086,0.04460769463798849,0.1299606179945471
2017,6,Gràcia,31,la Vila de Gràcia,0.5165945733385765,0.09134880062917813,0.13729846637829335,0.08169484860401101,0.17306331104994102
2017,6,Gràcia,32,el Camp d'en Grassot i Gràcia Nova,0.5752099253275997,0.09225092250922509,0.148037307144725,0.04738937153151059,0.13711247348693958
2017,7,Horta-Guinardó,33,el Baix Guinardó,0.5436210313605099,0.08121866863560409,0.1744841254420394,0.03629580694050441,0.16438036762134225
2017,7,Horta-Guinardó,34,Can Baró,0.546119733924612,0.06175166297117517,0.20133037694013303,0.04212860310421286,0.14866962305986697
2017,7,Horta-Guinardó,35,el Guinardó,0.5532136209350706,0.07240227745538158,0.16642943173108507,0.03314902003722764,0.1748056498412351
2017,7,Horta-Guinardó,36,la Font d'en Fargues,0.6545260915867944,0.06730564430244941,0.18338658146964856,0.019808306709265176,0.07497337593184239
2017,7,Horta-Guinardó,37,el Carmel,0.480463555189665,0.0370464188461782,0.28497245266290927,0.022924450636438477,0.17459312266480906
2017,7,Horta-Guinardó,38,la Teixonera,0.49393965443135907,0.042895211897189034,0.2614974641107195,0.023467721138141495,0.1781999484225909
2017,7,Horta-Guinardó,39,Sant Genís dels Agudells,0.4851325618866266,0.058737366339534205,0.2539915043210781,0.02446169620623993,0.17767687124652118
2017,7,Horta-Guinardó,40,Montbau,0.5440485512920908,0.07263116679718089,0.21652310101801095,0.017423649177760375,0.14937353171495693
2017,7,Horta-Guinardó,41,la Vall d'Hebron,0.5274516574585635,0.07147790055248619,0.25707872928176795,0.022962707182320442,0.12102900552486189
2017,7,Horta-Guinardó,42,la Clota,0.6398026315789473,0.05263157894736842,0.14802631578947367,0.009868421052631578,0.14967105263157895
2017,7,Horta-Guinardó,43,Horta,0.5729723666006058,0.06065138540926598,0.2160565381595184,0.02221141981079161,0.12810829001981827
2017,8,Nou Barris,44,Vilapicina i la Torre Llobeta,0.5160068712422894,0.06012337003201374,0.22300304520965097,0.018973998594518624,0.18189271492152728
2017,8,Nou Barris,45,Porta,0.47386077718758735,0.05583290067494708,0.24793322417029434,0.01833140301130237,0.20404169495586885
2017,8,Nou Barris,46,el Turó de la Peira,0.4370878055088581,0.04584249321091426,0.19940514677356783,0.015129962498383552,0.3025345920082762
2017,8,Nou Barris,47,Can Peguera,0.6588805641251653,0.04495372410753636,0.16747465843984133,0.0123402379903041,0.11635081533715293
2017,8,Nou Barris,48,la Guineueta,0.5437307263302933,0.058132668460074796,0.26704284495767994,0.014631585853946591,0.11646217439800538
2017,8,Nou Barris,49,Canyelles,0.5633391710449503,0.04889083479276124,0.3150904845300642,0.008318739054290718,0.06436077057793345
2017,8,Nou Barris,50,les Roquetes,0.45918106206014075,0.035252719129878436,0.23499680102367243,0.021561100447856685,0.2490083173384517
2017,8,Nou Barris,51,Verdun,0.45497208512015536,0.041670038028966745,0.2505866170402136,0.015697062869164172,0.23707419694150011
2017,8,Nou Barris,52,la Prosperitat,0.4626656569481257,0.04778492995077622,0.2800833017796289,0.015789473684210527,0.19367663763725862
2017,8,Nou Barris,53,la Trinitat Nova,0.5174074583734691,0.04499793587450117,0.1762763176001101,0.012935186459336728,0.2483831016925829
2017,8,Nou Barris,54,Torre Baró,0.4971969166082691,0.05816398037841626,0.20007007708479327,0.018220042046250877,0.2263489838822705
2017,8,Nou Barris,55,Ciutat Meridiana,0.3649339376989102,0.03520108014273315,0.21477480952840197,0.01581637573536503,0.36927379689458967
2017,8,Nou Barris,56,Vallbona,0.5199419869470631,0.07469180565627266,0.22044960116026105,0.018129079042784626,0.16678752719361856
2017,9,Sant Andreu,57,la Trinitat Vella,0.39696182290625626,0.039676194283429944,0.19228462922246653,0.021986807915250848,0.34909054567259645
2017,9,Sant Andreu,58,Baró de Viver,0.5990547459629776,0.09255612445844821,0.14060653800708942,0.01654194564789287,0.15124064592359196
2017,9,Sant Andreu,59,el Bon Pastor,0.56765781523294645,0.07759580219430752,0.16815073938622993,0.018206392113213548,0.1683892510733026
2017,9,Sant Andreu,60,Sant Andreu,0.6003915330967821,0.07468843404240444,0.2033874604534093,0.015486532310220062,0.1060460400971841
2017,9,Sant Andreu,61,la Sagrera,0.5105754704024172,0.06650872132948771,0.22132948770773245,0.019983518747424805,0.18160280181293778
2017,9,Sant Andreu,62,el Congrés i els Indians,0.5673668576278379,0.06881674800198034,0.16797510432138058,0.025390763137421318,0.17045052691137988
2017,9,Sant Andreu,63,Navas,0.5355531492510377,0.06776755098357697,0.1823226854358419,0.02513084280815737,0.18922577152138603
2017,10,Sant Martí,64,el Camp de l'Arpa del Clot,0.522439585730725,0.07673396798828329,0.1659430902814102,0.0378700700910137,0.19701328590856784
2017,10,Sant Martí,65,el Clot,0.542869802821062,0.0715973709474928,0.185658370873643,0.03500480023631933,0.1648696551214829
2017,10,Sant Martí,66,el Parc i la Llacuna del Poblenou,0.47699598499308893,0.06871585598630948,0.1839004804844336,0.06996643190943197,0.200421246626736
2017,10,Sant Martí,67,la Vila Olímpica del Poblenou,0.5328156579087331,0.09786192958195937,0.15445165407935327,0.07499202212530581,0.13987873630464845
2017,10,Sant Martí,68,el Poblenou,0.5725190839694656,0.07394853959739456,0.13377936278699637,0.0671402045447847,0.15261280910135872
2017,10,Sant Martí,69,Diagonal Mar i el Front Marítim del Poblenou,0.5362891425226807,0.08274802458296751,0.15942347088088968,0.06050629206906643,0.16103306994439567
2017,10,Sant Martí,70,el Besòs i el Maresme,0.4385949696444059,0.04934952298352125,0.19436253252385083,0.025845620121422375,0.2918473547267997
2017,10,Sant Martí,71,Provençals del Poblenou,0.5529996588527706,0.0680832399239729,0.18894682976753252,0.03586919440518544,0.15410107705053852
2017,10,Sant Martí,72,Sant Martí de Provençals,0.5248606125410524,0.06610402505155427,0.23390361261742917,0.022416558466356068,0.15271519132360803
2017,10,Sant Martí,73,la Verneda i la Pau,0.4915903471811122,0.06125291639098791,0.2814360831563186,0.018351499112024237,0.14736915415955706
2018,1,Ciutat Vella,1,el Raval,0.2643157894736842,0.04353684210526316,0.10517894736842105,0.08877894736842105,0.4981894736842105
2018,1,Ciutat Vella,2,el Barri Gòtic,0.2643171806167401,0.055271659324522764,0.115359765051395,0.1652863436123348,0.39976505139500734
2018,1,Ciutat Vella,3,la Barceloneta,0.4084223252065283,0.042850426489354554,0.13291691853045873,0.14339445228020686,0.27241587749345153
2018,1,Ciutat Vella,4,"Sant Pere, Santa Caterina i la Ribera",0.3165766882024958,0.05460660235419064,0.136472254181786,0.16019116735994335,0.3321532879015842
2018,2,Eixample,5,el Fort Pienc,0.47980096408023637,0.08001865961747784,0.15863784792411756,0.06605504587155964,0.21548748250660862
2018,2,Eixample,6,la Sagrada Família,0.4915684110665815,0.078372151555633,0.15806083134886062,0.05043464792549999,0.2215639581034249
2018,2,Eixample,7,la Dreta de l'Eixample,0.5049513987130927,0.09320951033633003,0.12782366631679826,0.08691187879341031,0.18710354584036873
2018,2,Eixample,8,l'Antiga Esquerra de l'Eixample,0.48938121780850913,0.09261741809543969,0.13582163268185987,0.06956889861003317,0.21261083280415813
2018,2,Eixample,9,la Nova Esquerra de l'Eixample,0.49897848816248047,0.09367006026061428,0.1554071454323828,0.0473672463817879,0.20457705976273455
2018,2,Eixample,10,Sant Antoni,0.4838692851367916,0.08061445374644655,0.14944057585478446,0.06475758287040659,0.22131810239157082
2018,3,Sants-Montjuïc,11,el Poble-sec,0.40888989396452086,0.05299261269410523,0.14136388763254434,0.07666214382632293,0.319965827428514
2018,3,Sants-Montjuïc,12,la Marina del Prat Vermell,0.7028423772609819,0.05254091300602928,0.11283376399655469,0.01636520241171404,0.11541774332472007
2018,3,Sants-Montjuïc,13,la Marina de Port,0.5219640765326045,0.05866848887153456,0.20112586229337498,0.022582324612781465,0.19565924768970455
2018,3,Sants-Montjuïc,14,la Font de la Guatlla,0.4580745341614907,0.07230201863354037,0.20613354037267081,0.05240683229813665,0.2110830745341615
2018,3,Sants-Montjuïc,15,Hostafrancs,0.4636101716146812,0.0751597143930853,0.16578980333208068,0.05555555555555555,0.23988475510459728
2018,3,Sants-Montjuïc,16,la Bordeta,0.5325013276686139,0.08093467870419543,0.18990971853425384,0.028412108337758896,0.16824216675517792
2018,3,Sants-Montjuïc,17,Sants - Badal,0.4699121309290801,0.08874359721817349,0.19210427685003956,0.03148294673718403,0.21775704826552283
2018,3,Sants-Montjuïc,18,Sants,0.5149390833494488,0.09002127248114485,0.15594179075614,0.04322181396248308,0.19587603945078322
2018,4,Les Corts,19,les Corts,0.5654341323854524,0.10843556287658764,0.1641596948285578,0.03194763535480515,0.13002297455459708
2018,4,Les Corts,20,la Maternitat i Sant Ramon,0.5182003919442939,0.11137055414251762,0.19951632406287786,0.026435391735812868,0.14447733811449778
2018,4,Les Corts,21,Pedralbes,0.5396495889728473,0.09748401561072823,0.1347670846134684,0.07074649173793905,0.15735281906501702
2018,5,Sarrià-Sant Gervasi,22,"Vallvidrera, el Tibidabo i les Planes",0.6318471337579618,0.08874734607218683,0.09681528662420383,0.08259023354564755,0.1
2018,5,Sarrià-Sant Gervasi,23,Sarrià,0.6407426590700824,0.0907605880712379,0.09785250408382803,0.06243276624566716,0.10821148252918443
2018,5,Sarrià-Sant Gervasi,24,les Tres Torres,0.6640737194830062,0.08951651507898516,0.1114169459071326,0.03530397319291527,0.09968884633796074
2018,5,Sarrià-Sant Gervasi,25,Sant Gervasi - la Bonanova,0.6480472824197474,0.08722524819407425,0.10653996214316067,0.03886120446556186,0.11932630277745587
2018,5,Sarrià-Sant Gervasi,26,Sant Gervasi - Galvany,0.6249921559604242,0.08839709665948502,0.10841508565691217,0.047043320015897255,0.13115234170728135
2018,5,Sarrià-Sant Gervasi,27,el Putxet i el Farró,0.6086324612992632,0.09115798012573514,0.10903805854120192,0.05009125937943622,0.14108024065436356
2018,6,Gràcia,28,Vallcarca i els Penitents,0.5668168168168168,0.08277027027027027,0.15427927927927929,0.0482982982982983,0.14783533533533533
2018,6,Gràcia,29,el Coll,0.5352546916890081,0.06849865951742627,0.1839142091152815,0.04436997319034853,0.16796246648793567
2018,6,Gràcia,30,la Salut,0.5730125207421934,0.08998340624528586,0.1507768894252527,0.04631166088399457,0.13991552270327348
2018,6,Gràcia,31,la Vila de Gràcia,0.5124114530626823,0.0926444034367125,0.1372899180506776,0.08135404885211421,0.17630017659781336
2018,6,Gràcia,32,el Camp d'en Grassot i Gràcia Nova,0.5701463245692516,0.091113740656296,0.1445351958209472,0.04822650004329129,0.14597823891021386
2018,7,Horta-Guinardó,33,el Baix Guinardó,0.5391415610096545,0.08181148462642007,0.16994300337326976,0.037610018998875575,0.1714939319917801
2018,7,Horta-Guinardó,34,Can Baró,0.546797486495425,0.06217616580310881,0.19755264028221806,0.040127880057325545,0.15334582736192262
2018,7,Horta-Guinardó,35,el Guinardó,0.5466449776331842,0.0721702589128372,0.16155618815236547,0.03543445845194523,0.18419411684966788
2018,7,Horta-Guinardó,36,la Font d'en Fargues,0.6514926953207707,0.06764768155833156,0.17774719457971627,0.02339614651704425,0.0797162820241372
2018,7,Horta-Guinardó,37,el Carmel,0.4766901231465192,0.036943955767780846,0.2736240261372204,0.022838652927871326,0.18990324202060818
2018,7,Horta-Guinardó,38,la Teixonera,0.4976392823418319,0.04180616361919478,0.25100867027212637,0.02515237359429994,0.184393510172547
2018,7,Horta-Guinardó,39,Sant Genís dels Agudells,0.47660485021398,0.06019971469329529,0.24065620542082738,0.025392296718972897,0.1971469329529244
2018,7,Horta-Guinardó,40,Montbau,0.5410864875465777,0.06922926063934105,0.20945283388899785,0.016081584624436165,0.1641498333006472
2018,7,Horta-Guinardó,41,la Vall d'Hebron,0.5296477153819323,0.07254970352284618,0.25305197070108126,0.022322985699337286,0.12242762469480294
2018,7,Horta-Guinardó,42,la Clota,0.6328725038402457,0.05683563748079877,0.1336405529953917,0,0.17665130568356374
2018,7,Horta-Guinardó,43,Horta,0.5729814242638573,0.06071548226184715,0.207608978892901,0.021739939694002904,0.1369541748873916
2018,8,Nou Barris,44,Vilapicina i la Torre Llobeta,0.5144704553421883,0.05990729560238383,0.21738791726716783,0.019982082343317883,0.18825224944494215
2018,8,Nou Barris,45,Porta,0.4663171895782803,0.05469055629449965,0.23765746029262186,0.01893435568421876,0.22240043815037946
2018,8,Nou Barris,46,el Turó de la Peira,0.43985614282961916,0.04701046817802325,0.18765654100571574,0.015734378010403956,0.3097424699762379
2018,8,Nou Barris,47,Can Peguera,0.6509267431597529,0.04236540158870256,0.16195939982347748,0.011032656663724626,0.13371579876434245
2018,8,Nou Barris,48,la Guineueta,0.5474166121648136,0.05853499018966645,0.25958142576847615,0.015173315892740354,0.11929365598430347
2018,8,Nou Barris,49,Canyelles,0.5674614713579529,0.048706019191625476,0.30604826984588546,0.009014248328002326,0.06876999127653388
2018,8,Nou Barris,50,les Roquetes,0.45549705005392377,0.03597031022013576,0.22527437670494196,0.02017382477954704,0.2630844382414515
2018,8,Nou Barris,51,Verdun,0.4472394117174315,0.041870931447400145,0.2397331833159206,0.01727879128827453,0.25387768223097323
2018,8,Nou Barris,52,la Prosperitat,0.4622161978990173,0.04759215331902557,0.26898603110056857,0.016566888813584847,0.20463872886780377
2018,8,Nou Barris,53,la Trinitat Nova,0.5090291921249152,0.043991853360488796,0.1626612355736592,0.014392396469789546,0.2699253224711473
2018,8,Nou Barris,54,Torre Baró,0.4972337482710927,0.05705394190871369,0.19017980636237897,0.022821576763485476,0.2327109266943292
2018,8,Nou Barris,55,Ciutat Meridiana,0.35774807004330633,0.0358689512332894,0.20250423649030314,0.014121634343814724,0.3897571078892864
2018,8,Nou Barris,56,Vallbona,0.5164285714285715,0.075,0.21357142857142858,0.02,0.175
2018,9,Sant Andreu,57,la Trinitat Vella,0.3989673319432033,0.03783139708072684,0.18319928507596067,0.019759706086783835,0.3602422798133254
2018,9,Sant Andreu,58,Baró de Viver,0.5928994082840237,0.09151873767258382,0.13372781065088757,0.01775147928994083,0.1641025641025641
2018,9,Sant Andreu,59,el Bon Pastor,0.5572213500784929,0.07810047095761381,0.16138147566718997,0.018838304552590265,0.18445839874411302
2018,9,Sant Andreu,60,Sant Andreu,0.6003850623558185,0.07571158482646176,0.1977000329557872,0.016096300279256934,0.11010701958267566
2018,9,Sant Andreu,61,la Sagrera,0.5076161202185793,0.06646174863387978,0.21591530054644809,0.02069672131147541,0.18931010928961747
2018,9,Sant Andreu,62,el Congrés i els Indians,0.5644638579681556,0.06911371001831759,0.16267436945188107,0.026067352402423558,0.1776807101592222
2018,9,Sant Andreu,63,Navas,0.5347808423238387,0.0673497946102108,0.17681578115830812,0.02735521148377195,0.19369837042387036
2018,10,Sant Martí,64,el Camp de l'Arpa del Clot,0.5146414030692139,0.07594738490447854,0.16366530953126632,0.040453074433656956,0.20529282806138427
2018,10,Sant Martí,65,el Clot,0.5396790178241254,0.07059389098439464,0.1823829598402485,0.03686857480955551,0.1704755565416759
2018,10,Sant Martí,66,el Parc i la Llacuna del Poblenou,0.4716222351949147,0.06849581630667445,0.18129337744048776,0.07225789712654862,0.20633067393137447
2018,10,Sant Martí,67,la Vila Olímpica del Poblenou,0.5312634293081221,0.09787279759346798,0.15363128491620112,0.07831972496776966,0.13891276321443918
2018,10,Sant Martí,68,el Poblenou,0.5715841205379477,0.07342338365557223,0.13163238280215414,0.06862658544480739,0.15473352755951855
2018,10,Sant Martí,69,Diagonal Mar i el Front Marítim del Poblenou,0.5347456384694327,0.08085324732443923,0.15349655475736695,0.05959536724820408,0.1713091922005571
2018,10,Sant Martí,70,el Besòs i el Maresme,0.42942069314444725,0.05072097141411586,0.18361581920903955,0.02926047727464373,0.3069820389577536
2018,10,Sant Martí,71,Provençals del Poblenou,0.5504653868528214,0.06694783789024626,0.18465192941632733,0.03853984874927283,0.15939499709133217
2018,10,Sant Martí,72,Sant Martí de Provençals,0.5240705251054044,0.06707550785741663,0.2282866998850134,0.022652357224990417,0.15791490992717516
2018,10,Sant Martí,73,la Verneda i la Pau,0.4903125,0.06131944444444445,0.2710763888888889,0.018819444444444444,0.1584722222222222
2019,1,Ciutat Vella,1,el Raval,0.2563597128273229,0.04243266796696684,0.0983732414823422,0.09627754492260447,0.5065568328007636
2019,1,Ciutat Vella,2,el Barri Gòtic,0.23386381424471694,0.04789981737542395,0.09851291416644925,0.16368379859118184,0.45603965562222804
2019,1,Ciutat Vella,3,la Barceloneta,0.38633966244725737,0.0402162447257384,0.12473628691983123,0.15460179324894516,0.29410601265822783
2019,1,Ciutat Vella,4,"Sant Pere, Santa Caterina i la Ribera",0.30215889464594126,0.05289291882556131,0.12733160621761658,0.17271157167530224,0.3449050086355786
2019,2,Eixample,5,el Fort Pienc,0.4680395991200196,0.077639941334637,0.15274382791493524,0.0705512099731117,0.2310254216572965
2019,2,Eixample,6,la Sagrada Família,0.4805587668593449,0.07739884393063584,0.15298651252408477,0.05447013487475915,0.23458574181117534
2019,2,Eixample,7,la Dreta de l'Eixample,0.4938738534707281,0.08968406748952554,0.1241988449779187,0.09348884611029329,0.19875438795153436
2019,2,Eixample,8,l'Antiga Esquerra de l'Eixample,0.4751865368076056,0.09058366844099393,0.13051765416889427,0.07477743427628368,0.22893470630622254
2019,2,Eixample,9,la Nova Esquerra de l'Eixample,0.48903591037751937,0.09284520683422569,0.15061555775329946,0.05202400845752481,0.2154793165774307
2019,2,Eixample,10,Sant Antoni,0.47644087553425724,0.07931615075767387,0.14391918145317964,0.06960238311099598,0.23072140914389327
2019,3,Sants-Montjuïc,11,el Poble-sec,0.3971606648199446,0.051073407202216065,0.13469529085872575,0.08510585674713099,0.33184111594776416
2019,3,Sants-Montjuïc,12,la Marina del Prat Vermell,0.6872393661384487,0.057547956630525435,0.10341951626355296,0.01751459549624687,0.13427856547122602
2019,3,Sants-Montjuïc,13,la Marina de Port,0.513162129111154,0.05789405934221536,0.193184012357598,0.023170496234794363,0.21258930295423828
2019,3,Sants-Montjuïc,14,la Font de la Guatlla,0.4462339666313048,0.07001639502362812,0.20098370141768734,0.057671906644806634,0.22509403028257305
2019,3,Sants-Montjuïc,15,Hostafrancs,0.4533465420097827,0.07467029905269024,0.16073308154293853,0.06086310445173673,0.25038697294285184
2019,3,Sants-Montjuïc,16,la Bordeta,0.5249729952162955,0.08034566123141813,0.1822437117432231,0.03039967079882722,0.1820379610102361
2019,3,Sants-Montjuïc,17,Sants - Badal,0.4616642144842243,0.08762465260748734,0.18464933791074056,0.033390550923655386,0.23267124407389242
2019,3,Sants-Montjuïc,18,Sants,0.49801455989410987,0.08780845230216508,0.1495461851186537,0.046941476789259716,0.21768932589581166
2019,4,Les Corts,19,les Corts,0.5568555052272288,0.10791490457892364,0.15913530687160551,0.03406822231286091,0.14202606100938112
2019,4,Les Corts,20,la Maternitat i Sant Ramon,0.5164033515361207,0.11071741214723414,0.19346367084913918,0.0290966693067656,0.15031889616074035
2019,4,Les Corts,21,Pedralbes,0.5386411004585244,0.09779074614422677,0.1334722801167153,0.07086285952480201,0.15923301375573157
2019,5,Sarrià-Sant Gervasi,22,"Vallvidrera, el Tibidabo i les Planes",0.6215358578379522,0.08800507721599322,0.0947746985403004,0.08863972921514703,0.10704463719060715
2019,5,Sarrià-Sant Gervasi,23,Sarrià,0.6311305732484076,0.09044585987261146,0.09677547770700637,0.06604299363057325,0.11560509554140128
2019,5,Sarrià-Sant Gervasi,24,les Tres Torres,0.6561432935961181,0.08943868687473791,0.11100461271191517,0.03869885580782364,0.10471455100940515
2019,5,Sarrià-Sant Gervasi,25,Sant Gervasi - la Bonanova,0.6386271355244005,0.08741285528231058,0.10315636252202559,0.043859649122807015,0.12694399754845628
2019,5,Sarrià-Sant Gervasi,26,Sant Gervasi - Galvany,0.621871157333111,0.08693024322127509,0.10437464829828474,0.04964465100769055,0.1371793001396386
2019,5,Sarrià-Sant Gervasi,27,el Putxet i el Farró,0.6009268276302092,0.08952617616441116,0.10729037241008764,0.05403136438429766,0.14822525941099432
2019,6,Gràcia,28,Vallcarca i els Penitents,0.5635979887019679,0.08138307778260599,0.14923334781798994,0.050965298901235336,0.15482028679620088
2019,6,Gràcia,29,el Coll,0.5285980313913274,0.06637403564777866,0.17744080872572493,0.048151104017025805,0.17943602021814312
2019,6,Gràcia,30,la Salut,0.5638123603871928,0.08860759493670886,0.14690990320178704,0.049143708116157855,0.15152643335815338
2019,6,Gràcia,31,la Vila de Gràcia,0.504352278545827,0.0910630588049943,0.13287250384024576,0.08842412068218519,0.1832880381267478
2019,6,Gràcia,32,el Camp d'en Grassot i Gràcia Nova,0.5565437290447235,0.08998692959027108,0.140421662783429,0.05384440529635733,0.15920327328521908
2019,7,Horta-Guinardó,33,el Baix Guinardó,0.5337668834417209,0.0818486166160003,0.16396659868395735,0.03975064455304576,0.18066725670527573
2019,7,Horta-Guinardó,34,Can Baró,0.5376960519199567,0.06046511627906977,0.188967009194159,0.04413196322336398,0.1687398593834505
2019,7,Horta-Guinardó,35,el Guinardó,0.5386083263901954,0.07076625366194533,0.15687908189319213,0.037627328190931814,0.19611900986373532
2019,7,Horta-Guinardó,36,la Font d'en Fargues,0.6516936671575847,0.06848306332842416,0.17346938775510204,0.025562802440563855,0.08079107931832527
2019,7,Horta-Guinardó,37,el Carmel,0.46950954186610305,0.0373593584882203,0.2617330763970908,0.02545533660719836,0.20594268664138746
2019,7,Horta-Guinardó,38,la Teixonera,0.4884628435697319,0.042416016287750255,0.23922633186291142,0.027570410587037665,0.2023243976925687
2019,7,Horta-Guinardó,39,Sant Genís dels Agudells,0.46590281612368856,0.05811706239646604,0.22418553285477635,0.024572059635560462,0.22722252898950857
2019,7,Horta-Guinardó,40,Montbau,0.5388216933281311,0.0684744440109247,0.19703472493172064,0.01872805306281701,0.17694108466640657
2019,7,Horta-Guinardó,41,la Vall d'Hebron,0.5299086364419927,0.07257369419065679,0.2489225995518014,0.024478538183071885,0.12411653163247716
2019,7,Horta-Guinardó,42,la Clota,0.6323529411764706,0.05,0.13529411764705881,0,0.18235294117647058
2019,7,Horta-Guinardó,43,Horta,0.557718902394643,0.060921464444282696,0.19761263556299585,0.02263629085086251,0.16111070674721595
2019,8,Nou Barris,44,Vilapicina i la Torre Llobeta,0.5088444307121891,0.059207477213038776,0.20925382357484937,0.021164838560173028,0.20152942993974973
2019,8,Nou Barris,45,Porta,0.45003954653308725,0.053519641444766675,0.2225151595043501,0.02086550412413845,0.2530601483936575
2019,8,Nou Barris,46,el Turó de la Peira,0.43897338403041825,0.046197718631178705,0.1756020278833967,0.01679340937896071,0.3224334600760456
2019,8,Nou Barris,47,Can Peguera,0.6470074268239406,0.04019222367846221,0.15508955875928354,0.01310615989515072,0.14460463084316294
2019,8,Nou Barris,48,la Guineueta,0.5443440971996621,0.05750113702813332,0.25131570398284714,0.016113312975115326,0.1307257488142421
2019,8,Nou Barris,49,Canyelles,0.5650152549760279,0.048961208775243355,0.2946389655673398,0.010605840476536394,0.08077873020485253
2019,8,Nou Barris,50,les Roquetes,0.4470667981266946,0.03623367019965492,0.21093172294799112,0.021074685728370717,0.28469312299728866
2019,8,Nou Barris,51,Verdun,0.44211195928753183,0.04087150127226463,0.2274968193384224,0.01812977099236641,0.2713899491094148
2019,8,Nou Barris,52,la Prosperitat,0.45930947148869605,0.048232708853216136,0.25866885172632126,0.017766024805393126,0.21602294312637343
2019,8,Nou Barris,53,la Trinitat Nova,0.49868766404199477,0.042913385826771656,0.1494750656167979,0.014566929133858268,0.29435695538057743
2019,8,Nou Barris,54,Torre Baró,0.4962431693989071,0.05942622950819672,0.18237704918032788,0.0235655737704918,0.2383879781420765
2019,8,Nou Barris,55,Ciutat Meridiana,0.35272459499263625,0.036910898379970546,0.19228645066273933,0.015003681885125185,0.40307437407952873
2019,8,Nou Barris,56,Vallbona,0.5046197583511016,0.07320540156361052,0.2046908315565032,0.019189765458422176,0.19829424307036247
2019,9,Sant Andreu,57,la Trinitat Vella,0.392763857985876,0.03946986553158557,0.17297088130018382,0.0233143078262552,0.37148108735609947
2019,9,Sant Andreu,58,Baró de Viver,0.5837173579109063,0.09216589861751152,0.12442396313364056,0.020737327188940093,0.17895545314900155
2019,9,Sant Andreu,59,el Bon Pastor,0.5394285714285715,0.0739047619047619,0.15352380952380953,0.019428571428571427,0.21371428571428572
2019,9,Sant Andreu,60,Sant Andreu,0.5985504745470233,0.07647972389991371,0.1928041415012942,0.01742881794650561,0.11473684210526315
2019,9,Sant Andreu,61,la Sagrera,0.5027989821882952,0.06480067854113655,0.20953350296861747,0.02198473282442748,0.20088210347752333
2019,9,Sant Andreu,62,el Congrés i els Indians,0.557883888698042,0.06870491240123669,0.15218138096873926,0.027688079697698386,0.19354173823428375
2019,9,Sant Andreu,63,Navas,0.52826545732118,0.06703785191504648,0.1708948857258318,0.03129630461137803,0.2025055004265637
2019,10,Sant Martí,64,el Camp de l'Arpa del Clot,0.5036633332476413,0.07470629065014525,0.15933571557109438,0.04491118023599579,0.21738348029512328
2019,10,Sant Martí,65,el Clot,0.5329678416366178,0.07090293619839576,0.17727573772904556,0.039554051070718965,0.17929943336522186
2019,10,Sant Martí,66,el Parc i la Llacuna del Poblenou,0.4661232806928171,0.06762608252674478,0.17651553744268977,0.0782603158430973,0.21147478349465104
2019,10,Sant Martí,67,la Vila Olímpica del Poblenou,0.5208132691278758,0.0951310861423221,0.1516318887105404,0.08325307651150347,0.14917067950775817
2019,10,Sant Martí,68,el Poblenou,0.5625841578361923,0.07165856799953164,0.12669047479655757,0.07496633686552309,0.16410046250219543
2019,10,Sant Martí,69,Diagonal Mar i el Front Marítim del Poblenou,0.5332892901710343,0.08067239227776554,0.14886588857079938,0.06371577479263012,0.17345665418777068
2019,10,Sant Martí,70,el Besòs i el Maresme,0.4115516200442745,0.04870195210303884,0.16896759911450995,0.03256188367880861,0.33821694505936806
2019,10,Sant Martí,71,Provençals del Poblenou,0.5437881873727087,0.06441528915833847,0.1778525079335007,0.04134893193766873,0.17259508359778336
2019,10,Sant Martí,72,Sant Martí de Provençals,0.5183868501529052,0.06674311926605504,0.22186544342507644,0.024541284403669726,0.16846330275229357
2019,10,Sant Martí,73,la Verneda i la Pau,0.4871510701669322,0.06140472397312461,0.26144628385398627,0.019533144004987187,0.17046477800096974
2020,1,Ciutat Vella,1,el Raval,0.25546672204340154,0.04205170802616551,0.09290831689336518,0.09527567230817154,0.5142975807288963
2020,1,Ciutat Vella,2,el Barri Gòtic,0.20453602544599642,0.04093486378094316,0.08265339049462961,0.14428617526391002,0.5275895450145208
2020,1,Ciutat Vella,3,la Barceloneta,0.3750496622963846,0.03939875513177063,0.11799761620977355,0.15150311217057344,0.3160508541914978
2020,1,Ciutat Vella,4,"Sant Pere, Santa Caterina i la Ribera",0.294441813406811,0.05140569165195678,0.12072157403022345,0.16726223791277392,0.3661686829982348
2020,2,Eixample,5,el Fort Pienc,0.45210842473327156,0.0752219001225307,0.1447057768745704,0.07256208720600102,0.2554018110636263
2020,2,Eixample,6,la Sagrada Família,0.4698742126323448,0.0754915663111945,0.1493748923053359,0.05458444218950432,0.2506748865616205
2020,2,Eixample,7,la Dreta de l'Eixample,0.4854954588586146,0.08802132754959108,0.11985450273372193,0.0954769328091817,0.2111517780488907
2020,2,Eixample,8,l'Antiga Esquerra de l'Eixample,0.46509578366343524,0.0890579340414676,0.12616540655874578,0.07574562827589405,0.24393524746045736
2020,2,Eixample,9,la Nova Esquerra de l'Eixample,0.48058881724831987,0.09270630778153038,0.14831303517210795,0.0517517824855866,0.2265377136424112
2020,2,Eixample,10,Sant Antoni,0.46531576649459383,0.07735572848447492,0.13966150448159848,0.06957392711302873,0.24809307342630402
2020,3,Sants-Montjuïc,11,el Poble-sec,0.3891640327517981,0.051691097782534036,0.12978771060949204,0.08852442696796993,0.34083273188820584
2020,3,Sants-Montjuïc,12,la Marina del Prat Vermell,0.6634066829665851,0.05867970660146699,0.09698451507742462,0.017114914425427872,0.16381418092909536
2020,3,Sants-Montjuïc,13,la Marina de Port,0.5081867798665858,0.057483004053493346,0.18649261115189428,0.023012351983658356,0.2248252529443682
2020,3,Sants-Montjuïc,14,la Font de la Guatlla,0.43906671808715775,0.07182799845738527,0.19784033937524104,0.05389510219822599,0.23736984188198998
2020,3,Sants-Montjuïc,15,Hostafrancs,0.44436897999506053,0.07427759940726106,0.15750802667325264,0.06341071869597431,0.2604346752284515
2020,3,Sants-Montjuïc,16,la Bordeta,0.5214168881619301,0.07963606624412185,0.17869556327949296,0.030515232058883665,0.18973625025557145
2020,3,Sants-Montjuïc,17,Sants - Badal,0.44944045565761503,0.08768200232642093,0.1771689864024708,0.03409409971521399,0.25161445589827924
2020,3,Sants-Montjuïc,18,Sants,0.47872389048859637,0.08439599616070205,0.14152840623428858,0.047031399972576445,0.24832030714383654
2020,4,Les Corts,19,les Corts,0.5505480859809883,0.10734777768262396,0.15455596471696498,0.033977048899546114,0.1535711227198767
2020,4,Les Corts,20,la Maternitat i Sant Ramon,0.5129778000333834,0.10899682857619764,0.1872809213820731,0.030921382073109665,0.15982306793523618
2020,4,Les Corts,21,Pedralbes,0.5346128059001005,0.09788803218236675,0.13115990613476367,0.06964465303385853,0.1666946027489105
2020,5,Sarrià-Sant Gervasi,22,"Vallvidrera, el Tibidabo i les Planes",0.6215757060947122,0.08897855170949247,0.09343809726056487,0.08558080271819919,0.11042684221703122
2020,5,Sarrià-Sant Gervasi,23,Sarrià,0.6244499940539898,0.09022079517976771,0.09688032663416181,0.06798271693027312,0.12046616720180758
2020,5,Sarrià-Sant Gervasi,24,les Tres Torres,0.6550688059611802,0.08893696292290126,0.10828676161288384,0.039661078060212726,0.10804639144282195
2020,5,Sarrià-Sant Gervasi,25,Sant Gervasi - la Bonanova,0.630668394177273,0.08543556131392424,0.10128801158448289,0.04397530676015548,0.1386327261641643
2020,5,Sarrià-Sant Gervasi,26,Sant Gervasi - Galvany,0.6177549829038446,0.086147944291552,0.10255608372946376,0.049391210074222335,0.14414977900091736
2020,5,Sarrià-Sant Gervasi,27,el Putxet i el Farró,0.5902541953776664,0.08786390161880585,0.10332662952095216,0.056344993570934025,0.16221027991164155
2020,6,Gràcia,28,Vallcarca i els Penitents,0.5564052367551695,0.08136547167502753,0.14333781965006728,0.052918145111953994,0.1659733268077817
2020,6,Gràcia,29,el Coll,0.5208087173427859,0.06327950636733622,0.1723775764736773,0.04700013128528292,0.19653406853091768
2020,6,Gràcia,30,la Salut,0.5577408341991985,0.08787294047795755,0.14264509425560337,0.05009648211370046,0.16164464895354014
2020,6,Gràcia,31,la Vila de Gràcia,0.49509813552329124,0.08941236566533724,0.13031690210023772,0.09098410577810959,0.19418849093302423
2020,6,Gràcia,32,el Camp d'en Grassot i Gràcia Nova,0.5460081190798376,0.09071944068561119,0.13686851601262967,0.055705908885881825,0.1706980153360397
2020,7,Horta-Guinardó,33,el Baix Guinardó,0.5268948655256723,0.08163966992665037,0.16022310513447433,0.039998471882640586,0.19124388753056235
2020,7,Horta-Guinardó,34,Can Baró,0.5292604501607717,0.06195069667738478,0.18188638799571274,0.04748124330117899,0.17942122186495177
2020,7,Horta-Guinardó,35,el Guinardó,0.5324160323628041,0.06903710012242509,0.15156757332197796,0.03784531857135253,0.20913397562144037
2020,7,Horta-Guinardó,36,la Font d'en Fargues,0.6430217937971501,0.06789606035205364,0.16879715004191115,0.027347024308466052,0.09293797150041912
2020,7,Horta-Guinardó,37,el Carmel,0.46219624730852044,0.0370655183020609,0.24952322362350046,0.02700707474623193,0.22420793601968625
2020,7,Horta-Guinardó,38,la Teixonera,0.4804628542679859,0.042260607076974675,0.2266476605735368,0.02767063558611437,0.22295824249538823
2020,7,Horta-Guinardó,39,Sant Genís dels Agudells,0.45844612885760694,0.05711965349214943,0.2122360584731998,0.02531131564699513,0.24688684353004872
2020,7,Horta-Guinardó,40,Montbau,0.5276488785769529,0.06883217324052592,0.18503480278422274,0.02068832173240526,0.19779582366589327
2020,7,Horta-Guinardó,41,la Vall d'Hebron,0.5293217746047935,0.07088220295767465,0.23848376678565358,0.022947475777664456,0.13836477987421383
2020,7,Horta-Guinardó,42,la Clota,0.6191819464033851,0.04936530324400564,0.1227080394922426,0.023977433004231313,0.1847672778561354
2020,7,Horta-Guinardó,43,Horta,0.5426657263751763,0.059520451339915376,0.18758815232722145,0.02281382228490832,0.18741184767277855
2020,8,Nou Barris,44,Vilapicina i la Torre Llobeta,0.5010351966873706,0.06069319837435779,0.202361782071927,0.021700789816731847,0.21420903304961275
2020,8,Nou Barris,45,Porta,0.4320135217750926,0.050778580932858634,0.20548782680619987,0.01974323012191175,0.2919768403639371
2020,8,Nou Barris,46,el Turó de la Peira,0.43609022556390975,0.04517441143843215,0.16442746209786763,0.017071366941945026,0.3372365339578454
2020,8,Nou Barris,47,Can Peguera,0.644678979771328,0.03781882145998241,0.148636763412489,0.012313104661389622,0.1565523306948109
2020,8,Nou Barris,48,la Guineueta,0.5412963083111659,0.05690001946408876,0.24336598974891324,0.016868876922078765,0.1415688055537533
2020,8,Nou Barris,49,Canyelles,0.5616258741258742,0.048513986013986016,0.2880244755244755,0.010926573426573426,0.09090909090909091
2020,8,Nou Barris,50,les Roquetes,0.4439360663738409,0.03599316739873109,0.19960956564177648,0.021839921913128356,0.2986212786725232
2020,8,Nou Barris,51,Verdun,0.4352922788371366,0.04016880275085964,0.21561425445451704,0.018052516411378557,0.2908721475461082
2020,8,Nou Barris,52,la Prosperitat,0.45497279490691045,0.04778472813413776,0.2505089388163009,0.0177295776733168,0.22900396046933413
2020,8,Nou Barris,53,la Trinitat Nova,0.49185030642847827,0.042899986960490286,0.14278263137306038,0.013300299908723431,0.30916677532924763
2020,8,Nou Barris,54,Torre Baró,0.4934976043805613,0.058521560574948665,0.1731690622861054,0.02053388090349076,0.2542778918548939
2020,8,Nou Barris,55,Ciutat Meridiana,0.3533495627085024,0.03750788927959607,0.1803263907672888,0.014876927238301325,0.41393923000631144
2020,8,Nou Barris,56,Vallbona,0.49472202674173116,0.06755805770584096,0.19985925404644617,0.0211118930330753,0.21674876847290642
2020,9,Sant Andreu,57,la Trinitat Vella,0.39219986650138267,0.04043100982168399,0.16611042242776772,0.02326690187851626,0.37799179937064936
2020,9,Sant Andreu,58,Baró de Viver,0.5744761904761905,0.096,0.12266666666666666,0.019428571428571427,0.18742857142857142
2020,9,Sant Andreu,59,el Bon Pastor,0.5183503040070324,0.0722291407222914,0.14218738553952093,0.0180206578272654,0.24921251190388982
2020,9,Sant Andreu,60,Sant Andreu,0.5930832877461707,0.07626162472647702,0.18799576039387308,0.0177960886214442,0.12486323851203501
2020,9,Sant Andreu,61,la Sagrera,0.496993040070275,0.0642948847895128,0.20288533008987095,0.02182579904047571,0.21400094600986552
2020,9,Sant Andreu,62,el Congrés i els Indians,0.5521222410865875,0.06743633276740238,0.14580645161290323,0.02967741935483871,0.20495755517826825
2020,9,Sant Andreu,63,Navas,0.5232304334268787,0.0664617577620384,0.16561984943650052,0.03318633346696957,0.21150162590761282
2020,10,Sant Martí,64,el Camp de l'Arpa del Clot,0.49532208588957055,0.07315950920245398,0.15403885480572596,0.046728016359918204,0.2306237218813906
2020,10,Sant Martí,65,el Clot,0.5243195331831444,0.06928389407984636,0.17394836946485948,0.04199135797909665,0.19045684529305315
2020,10,Sant Martí,66,el Parc i la Llacuna del Poblenou,0.4617702448210923,0.06785938480853736,0.17306967984934088,0.07765222849968613,0.2196484620213434
2020,10,Sant Martí,67,la Vila Olímpica del Poblenou,0.5170539330633127,0.09518226390961415,0.145384779364741,0.08750799403112343,0.1548710296312087
2020,10,Sant Martí,68,el Poblenou,0.5531995236297093,0.07116507392453597,0.12269439683968977,0.08002439945391698,0.17291660615214802
2020,10,Sant Martí,69,Diagonal Mar i el Front Marítim del Poblenou,0.5304643596569062,0.07941437444543034,0.14596273291925466,0.06307305530908015,0.1810854776693286
2020,10,Sant Martí,70,el Besòs i el Maresme,0.39554881133029846,0.046496245282284736,0.15742578109801175,0.03295591611221353,0.36757324617719156
2020,10,Sant Martí,71,Provençals del Poblenou,0.5386564083317695,0.06591292925501971,0.17090448489397636,0.04311315443798086,0.1814130230812535
2020,10,Sant Martí,72,Sant Martí de Provençals,0.5181588806483676,0.06613655478247572,0.21526875143359583,0.02435201468002141,0.17608379845553943
2020,10,Sant Martí,73,la Verneda i la Pau,0.4834944057639683,0.06169247289480065,0.25307423187502165,0.019779001697322388,0.18195988776888705
2021,1,Ciutat Vella,1,el Raval,0.2519575001541339,0.040752995334881525,0.0879796132267412,0.08325284120101112,0.5360570500832323
2021,1,Ciutat Vella,2,el Barri Gòtic,0.19235317303902247,0.03871589366268121,0.07445364165900233,0.11916962291420313,0.5753076687250909
2021,1,Ciutat Vella,3,la Barceloneta,0.3656874421066561,0.03969829297340215,0.11075823739579198,0.14331083763398175,0.3405451898901681
2021,1,Ciutat Vella,4,"Sant Pere, Santa Caterina i la Ribera",0.2899395415597408,0.05010656343786699,0.11334870166586926,0.14840589796007134,0.39819929537645166
2021,2,Eixample,5,el Fort Pienc,0.44219091208232375,0.07370845672918723,0.14005803344401568,0.0678751981812199,0.2761673995632535
2021,2,Eixample,6,la Sagrada Família,0.4613968473133126,0.07373528170904767,0.14371188585893452,0.05131745483833851,0.26983853028036664
2021,2,Eixample,7,la Dreta de l'Eixample,0.4720822552090426,0.08493349675427846,0.11455354305687956,0.08693086386127377,0.24149984111852557
2021,2,Eixample,8,l'Antiga Esquerra de l'Eixample,0.4583527005670726,0.08705958910476899,0.12178116575253324,0.07000092962721949,0.2628056149484057
2021,2,Eixample,9,la Nova Esquerra de l'Eixample,0.4768510520678575,0.09136924299485195,0.1447327505787237,0.04723076391528176,0.23971253843761878
2021,2,Eixample,10,Sant Antoni,0.45959360943074296,0.07644382400082726,0.1349206349206349,0.06116539992761491,0.26787653172017994
2021,3,Sants-Montjuïc,11,el Poble-sec,0.3821275748830729,0.05147278336152851,0.12421633993432182,0.08050552293760573,0.36167777888347097
2021,3,Sants-Montjuïc,12,la Marina del Prat Vermell,0.6482300884955752,0.0612094395280236,0.09660766961651918,0.02359882005899705,0.17035398230088494
2021,3,Sants-Montjuïc,13,la Marina de Port,0.5072561701579946,0.05750233291501754,0.1812594523280883,0.022910834379122825,0.2310712102197767
2021,3,Sants-Montjuïc,14,la Font de la Guatlla,0.43931991401211645,0.07074457690052766,0.18848934922806332,0.04954074653117061,0.25190541332812194
2021,3,Sants-Montjuïc,15,Hostafrancs,0.43910017399950285,0.0738255033557047,0.1515038528461347,0.058600546855580415,0.2769699229430773
2021,3,Sants-Montjuïc,16,la Bordeta,0.5197449609214315,0.08021390374331551,0.17215137803373098,0.03018305224187577,0.19770670505964624
2021,3,Sants-Montjuïc,17,Sants - Badal,0.4465153645310303,0.08632255472986544,0.17296645912833902,0.0316529423579032,0.262542679252862
2021,3,Sants-Montjuïc,18,Sants,0.47275266749095574,0.08300132802124834,0.13660301323441865,0.045084031689334614,0.2625589595640427
2021,4,Les Corts,19,les Corts,0.5498138106748547,0.10679209947518564,0.15099845386642277,0.03177195618562313,0.1606236797979138
2021,4,Les Corts,20,la Maternitat i Sant Ramon,0.5104319717895974,0.10851769447126484,0.17950547835943076,0.0283783216489652,0.17316653373074178
2021,4,Les Corts,21,Pedralbes,0.5355418114038804,0.09904261628399559,0.12895026688130137,0.05786664407354063,0.17859866135728206
2021,5,Sarrià-Sant Gervasi,22,"Vallvidrera, el Tibidabo i les Planes",0.6190376129438958,0.09035511662113889,0.09308678293759193,0.07459550325698676,0.12292498424038664
2021,5,Sarrià-Sant Gervasi,23,Sarrià,0.6238487639360155,0.08902892228146712,0.09371465503312329,0.059621909840038775,0.1337857489093553
2021,5,Sarrià-Sant Gervasi,24,les Tres Torres,0.6543141931144133,0.08677306916162172,0.10487372347581483,0.036507062924234085,0.1175319513239161
2021,5,Sarrià-Sant Gervasi,25,Sant Gervasi - la Bonanova,0.6267657134059506,0.08379200184750395,0.09907239906085216,0.0402986798044725,0.1500712058812209
2021,5,Sarrià-Sant Gervasi,26,Sant Gervasi - Galvany,0.6141625823897245,0.08524167652526618,0.10034645935440258,0.04472283251647795,0.15552644921412878
2021,5,Sarrià-Sant Gervasi,27,el Putxet i el Farró,0.5888180938719685,0.08780064716282483,0.10144444073789906,0.049237748940854656,0.17269906928645296
2021,6,Gràcia,28,Vallcarca i els Penitents,0.551185443852233,0.08043864485695032,0.1371071494210623,0.046621331863015376,0.18464743000673894
2021,6,Gràcia,29,el Coll,0.5179500520291364,0.0630853277835588,0.16519250780437045,0.04279396462018731,0.21097814776274715
2021,6,Gràcia,30,la Salut,0.5569102668946547,0.08690803657720615,0.13723886699873616,0.04646494684410081,0.1724778826853022
2021,6,Gràcia,31,la Vila de Gràcia,0.4907490035100244,0.08786959367005771,0.12497273286136396,0.08287227080730561,0.21353639915124834
2021,6,Gràcia,32,el Camp d'en Grassot i Gràcia Nova,0.5392603491695198,0.08896182903709572,0.1326504626354659,0.05231883647887722,0.18680852267904133
2021,7,Horta-Guinardó,33,el Baix Guinardó,0.523474087548864,0.07957580214421178,0.15392653945891552,0.03696249564577931,0.20606107520222935
2021,7,Horta-Guinardó,34,Can Baró,0.527631720141646,0.062131129949565406,0.17458954823478914,0.04549844403905998,0.19014915763493936
2021,7,Horta-Guinardó,35,el Guinardó,0.5308731307284129,0.06774937020957282,0.1466741705526076,0.03588465455325079,0.21881867395615587
2021,7,Horta-Guinardó,36,la Font d'en Fargues,0.6416622830089427,0.0684902682798527,0.16265123619147817,0.025039452919516043,0.10215675960021041
2021,7,Horta-Guinardó,37,el Carmel,0.45813214351201026,0.03706986125542448,0.23675203227186603,0.02539575820548866,0.24265020475521057
2021,7,Horta-Guinardó,38,la Teixonera,0.47795399817321266,0.042099144731379226,0.2178859088267043,0.027152702814913228,0.23490824545379058
2021,7,Horta-Guinardó,39,Sant Genís dels Agudells,0.46113217768147347,0.05552546045503792,0.1996208017334778,0.02437703141928494,0.2593445287107259
2021,7,Horta-Guinardó,40,Montbau,0.5263981228001564,0.06687524442706297,0.17618302698474775,0.020531873289010558,0.2100117324990223
2021,7,Horta-Guinardó,41,la Vall d'Hebron,0.5259784075573549,0.07068151147098516,0.2309379217273954,0.023110661268556005,0.1492914979757085
2021,7,Horta-Guinardó,42,la Clota,0.6246418338108882,0.05157593123209169,0.11461318051575932,0.025787965616045846,0.1833810888252149
2021,7,Horta-Guinardó,43,Horta,0.5449522315699415,0.05782118922001996,0.18012975901896477,0.020640239555111933,0.19645658063596178
2021,8,Nou Barris,44,Vilapicina i la Torre Llobeta,0.5012754116101106,0.05990569683852516,0.19513797634691196,0.020445234598438587,0.22323568060601376
2021,8,Nou Barris,45,Porta,0.4294246752779477,0.04940092829129637,0.1954448961968841,0.018997589321052062,0.30673191091281976
2021,8,Nou Barris,46,el Turó de la Peira,0.4350244083297287,0.04405857999134895,0.15300006179323983,0.015633689674349627,0.3522832602113329
2021,8,Nou Barris,47,Can Peguera,0.6473779385171791,0.03887884267631103,0.14556962025316456,0.010397830018083183,0.1577757685352622
2021,8,Nou Barris,48,la Guineueta,0.5416475522642376,0.05753981256963104,0.2333704698866243,0.01461432597155777,0.1528278393079494
2021,8,Nou Barris,49,Canyelles,0.5677144535840188,0.048472385428907167,0.2802585193889542,0.010135135135135136,0.09341950646298472
2021,8,Nou Barris,50,les Roquetes,0.44317632850241545,0.03683574879227053,0.18961352657004832,0.020471014492753622,0.3099033816425121
2021,8,Nou Barris,51,Verdun,0.4320143045945736,0.03848246909741118,0.20391821503537277,0.01694783487522351,0.30863717639741894
2021,8,Nou Barris,52,la Prosperitat,0.45406149951604496,0.04791154791154791,0.2398927853473308,0.017571290298563025,0.2405628769265133
2021,8,Nou Barris,53,la Trinitat Nova,0.4897745149449397,0.043917147351861564,0.13411116937598322,0.012585212375458836,0.3196119559517567
2021,8,Nou Barris,54,Torre Baró,0.48922340061580566,0.056448853917208344,0.16797810468696545,0.022921655833048237,0.2634279849469723
2021,8,Nou Barris,55,Ciutat Meridiana,0.35294117647058826,0.03828909612625538,0.16992467718794835,0.013540172166427547,0.4253048780487805
2021,8,Nou Barris,56,Vallbona,0.4989293361884368,0.06566738044254104,0.18058529621698788,0.019271948608137045,0.23554603854389722
2021,9,Sant Andreu,57,la Trinitat Vella,0.3947493579377913,0.040521259393132315,0.15723390088461905,0.023304480167411774,0.38419100161704556
2021,9,Sant Andreu,58,Baró de Viver,0.5604975499434602,0.0938560120618168,0.11722578213343385,0.018469656992084433,0.20995099886920468
2021,9,Sant Andreu,59,el Bon Pastor,0.5077573020613301,0.07298419404180931,0.13555248015150412,0.017481244081870493,0.26622477966348607
2021,9,Sant Andreu,60,Sant Andreu,0.5930703954375236,0.07578932902738172,0.18244752121482805,0.017040574432267152,0.13165217988799946
2021,9,Sant Andreu,61,la Sagrera,0.4963123350700318,0.06485553826375262,0.19602138169023614,0.020129914067257594,0.22268083090872184
2021,9,Sant Andreu,62,el Congrés i els Indians,0.5523095958207314,0.06598845202089634,0.14153148199065163,0.027426450371185043,0.2127440197965356
2021,9,Sant Andreu,63,Navas,0.5225427302498766,0.0651383966623301,0.16114126777623256,0.03028127944013279,0.22089632587142793
2021,10,Sant Martí,64,el Camp de l'Arpa del Clot,0.489928391118438,0.07302560403894699,0.1475194477358199,0.04417598269022719,0.24522178146411827
2021,10,Sant Martí,65,el Clot,0.5220170454545454,0.06818181818181818,0.16974431818181818,0.040445574162679424,0.19961124401913877
2021,10,Sant Martí,66,el Parc i la Llacuna del Poblenou,0.46028551663417394,0.06748003270234576,0.16766241116910885,0.0686749261052764,0.23589711338909503
2021,10,Sant Martí,67,la Vila Olímpica del Poblenou,0.5100649696453297,0.0941527319203323,0.1421876664181489,0.08328895516029396,0.1703056768558952
2021,10,Sant Martí,68,el Poblenou,0.5471774896808325,0.07005406662403349,0.11877216440904599,0.07156560665077612,0.1924306726353119
2021,10,Sant Martí,69,Diagonal Mar i el Front Marítim del Poblenou,0.5191014557008793,0.07803147860784748,0.14224488287888865,0.06059262543412399,0.20002955737826056
2021,10,Sant Martí,70,el Besòs i el Maresme,0.38955269607843135,0.04656862745098039,0.14744178921568626,0.029411764705882353,0.3870251225490196
2021,10,Sant Martí,71,Provençals del Poblenou,0.5352943953916616,0.0661976486141933,0.16478587279852686,0.04079512724868974,0.19292695594692857
2021,10,Sant Martí,72,Sant Martí de Provençals,0.5141495041952708,0.06643783371472159,0.20736079328756674,0.02349351639969489,0.188558352402746
2021,10,Sant Martí,73,la Verneda i la Pau,0.4821775986659255,0.061388271261812115,0.24458032240133407,0.01900361311839911,0.1928501945525292
2022,1,Ciutat Vella,1,el Raval,0.2556413621012326,0.04201174521909351,0.08742229010260934,0.08292640953384817,0.5319981930432164
2022,1,Ciutat Vella,2,el Barri Gòtic,0.19110661505981702,0.03703377902885292,0.07222026741731175,0.12011787473610133,0.5795214637579169
2022,1,Ciutat Vella,3,la Barceloneta,0.36751063681383833,0.04101276417660599,0.11069261351747227,0.13894120108809374,0.3418427844039897
2022,1,Ciutat Vella,4,"Sant Pere, Santa Caterina i la Ribera",0.2917410714285714,0.05209821428571428,0.10995535714285715,0.15151785714285715,0.3946875
2022,2,Eixample,5,el Fort Pienc,0.43304919994018243,0.07228951697323165,0.13656348138178556,0.06795274413040227,0.29014505757439807
2022,2,Eixample,6,la Sagrada Família,0.4553769509204842,0.073210602109524,0.13966839216907329,0.053146771494181295,0.2784999805394465
2022,2,Eixample,7,la Dreta de l'Eixample,0.4623855705610441,0.0814828242545092,0.11035076588416569,0.09272183449651047,0.2530590048037705
2022,2,Eixample,8,l'Antiga Esquerra de l'Eixample,0.4536652182127338,0.08600982429624032,0.12063102210466654,0.07311543548082373,0.2665784999055356
2022,2,Eixample,9,la Nova Esquerra de l'Eixample,0.47411039946946826,0.09048707701436275,0.14244079509956195,0.048934573567651525,0.24393989633688767
2022,2,Eixample,10,Sant Antoni,0.45947220839120523,0.07552608820985875,0.13234099426085588,0.062265782646295766,0.27039492649178437
2022,3,Sants-Montjuïc,11,el Poble-sec,0.3838311572169558,0.05194572910545008,0.12136852594731329,0.0819940210031428,0.360860566727138
2022,3,Sants-Montjuïc,12,la Marina del Prat Vermell,0.6374423203691496,0.06394199077125906,0.08767303889255108,0.027686222808174028,0.18325642715886617
2022,3,Sants-Montjuïc,13,la Marina de Port,0.5077747460468786,0.05877905256583057,0.17679739636411454,0.023537920378710674,0.23311088464446564
2022,3,Sants-Montjuïc,14,la Font de la Guatlla,0.42974408498309996,0.06943505552873008,0.18078223080637373,0.04954128440366973,0.2704973442781265
2022,3,Sants-Montjuïc,15,Hostafrancs,0.4354818365287588,0.07631180625630676,0.14814581231079718,0.06041876892028254,0.2796417759838547
2022,3,Sants-Montjuïc,16,la Bordeta,0.5209904801539822,0.08219320605524633,0.17057691307288145,0.02986006346564012,0.1963793372522499
2022,3,Sants-Montjuïc,17,Sants - Badal,0.44680411519233154,0.08684873775978184,0.17064000330537538,0.03264058174606454,0.26306656199644673
2022,3,Sants-Montjuïc,18,Sants,0.47112144102266124,0.08302149912841371,0.13543288785589774,0.04646135967460779,0.2639628123184195
2022,4,Les Corts,19,les Corts,0.5503855590606379,0.10587539432176656,0.1480459165790396,0.03196196985629162,0.16373116018226427
2022,4,Les Corts,20,la Maternitat i Sant Ramon,0.5053204965796808,0.10801452580018579,0.175660839456127,0.02854488641162064,0.18245925175238578
2022,4,Les Corts,21,Pedralbes,0.5416950886766713,0.09839699863574353,0.12585266030013642,0.060283083219645296,0.17377216916780355
2022,5,Sarrià-Sant Gervasi,22,"Vallvidrera, el Tibidabo i les Planes",0.6156087408949011,0.09136316337148803,0.09073881373569198,0.0740894901144641,0.12819979188345473
2022,5,Sarrià-Sant Gervasi,23,Sarrià,0.6214306023802754,0.08907754173605752,0.09289573093951826,0.06088793208497502,0.13570819285917382
2022,5,Sarrià-Sant Gervasi,24,les Tres Torres,0.6528838393245173,0.08586328925311976,0.10337120506612033,0.03718879990066431,0.12069286645557832
2022,5,Sarrià-Sant Gervasi,25,Sant Gervasi - la Bonanova,0.624742107516836,0.08423838997236172,0.09821324302230526,0.04137957880805014,0.15142668068044687
2022,5,Sarrià-Sant Gervasi,26,Sant Gervasi - Galvany,0.609009009009009,0.08400635930047695,0.09759406465288818,0.047631160572337045,0.16175940646528883
2022,5,Sarrià-Sant Gervasi,27,el Putxet i el Farró,0.5840470193115029,0.0871536523929471,0.10028547439126784,0.050848026868178,0.17766582703610412
2022,6,Gràcia,28,Vallcarca i els Penitents,0.5496890547263682,0.08090796019900498,0.13389303482587064,0.04682835820895522,0.188681592039801
2022,6,Gràcia,29,el Coll,0.5205623439758245,0.06372355800814611,0.15990014452765733,0.04690579424517146,0.20890815924320064
2022,6,Gràcia,30,la Salut,0.5616140403510088,0.08602715067876697,0.13575339383484586,0.04762619065476637,0.168979224480612
2022,6,Gràcia,31,la Vila de Gràcia,0.484496979670473,0.08697746292319733,0.12073290654036806,0.0862349234381585,0.22155772742780308
2022,6,Gràcia,32,el Camp d'en Grassot i Gràcia Nova,0.533750214151105,0.08685968819599109,0.12849066301182113,0.05533664553709097,0.19556278910399177
2022,7,Horta-Guinardó,33,el Baix Guinardó,0.5166106464472758,0.07871492222309075,0.1498866567654186,0.038888454623622296,0.2158993199405925
2022,7,Horta-Guinardó,34,Can Baró,0.5292340884573894,0.06429341963322546,0.16655879180151026,0.04433656957928803,0.19557713052858683
2022,7,Horta-Guinardó,35,el Guinardó,0.5298904961470866,0.06783831282952549,0.1420575909152359,0.036474246316074085,0.22373935379207788
2022,7,Horta-Guinardó,36,la Font d'en Fargues,0.6462685000524824,0.06875196809068962,0.15608271229138238,0.02361708827542773,0.10527973129001784
2022,7,Horta-Guinardó,37,el Carmel,0.4618737740137622,0.037301117788087305,0.2306877977395149,0.02593641996450478,0.24420089049413082
2022,7,Horta-Guinardó,38,la Teixonera,0.4814068664484177,0.04423738772769244,0.20867959372114497,0.02702929572735667,0.23864685637538824
2022,7,Horta-Guinardó,39,Sant Genís dels Agudells,0.461782123674425,0.059358215121884036,0.1932240738190332,0.022724142680071616,0.26291144470458616
2022,7,Horta-Guinardó,40,Montbau,0.5279218189070602,0.06761069006781013,0.17271639409652972,0.022138013562026326,0.20961308336657358
2022,7,Horta-Guinardó,41,la Vall d'Hebron,0.5293917192025899,0.06883625830635542,0.23053331061509627,0.02487646958596013,0.1463622422899983
2022,7,Horta-Guinardó,42,la Clota,0.6367713004484304,0.053811659192825115,0.11659192825112108,0.02391629297458894,0.16890881913303438
2022,7,Horta-Guinardó,43,Horta,0.5482736343406791,0.058107817098557175,0.17715885435359988,0.020565644964467732,0.19589404924269616
2022,8,Nou Barris,44,Vilapicina i la Torre Llobeta,0.5045392557958309,0.06000389635690629,0.18920709136956945,0.020183128774595754,0.2260666277030976
2022,8,Nou Barris,45,Porta,0.4314448419361904,0.049937942615171205,0.1915747974008907,0.019858363145214282,0.3071840549025334
2022,8,Nou Barris,46,el Turó de la Peira,0.4353660820173522,0.044878596841645343,0.1462455527120654,0.014793084077148742,0.3587166843517883
2022,8,Nou Barris,47,Can Peguera,0.6492434662998624,0.040348464007336084,0.14351215038972948,0.007794589637780834,0.15910132966529114
2022,8,Nou Barris,48,la Guineueta,0.5462821449930227,0.05814339823244069,0.22778922187520764,0.01435311316366536,0.1534321217356635
2022,8,Nou Barris,49,Canyelles,0.5683527503318094,0.0488128594602566,0.27178882170771274,0.010617902964164578,0.10042766553605663
2022,8,Nou Barris,50,les Roquetes,0.4459233578901752,0.03794960688417012,0.185352566086795,0.01844858540209249,0.3123258837367672
2022,8,Nou Barris,51,Verdun,0.43572793883402355,0.0406180312201338,0.19831156419241797,0.016964001274291176,0.3083784644791335
2022,8,Nou Barris,52,la Prosperitat,0.460589262662313,0.04745994380742653,0.23452805831877896,0.01765509909636267,0.23976763611511884
2022,8,Nou Barris,53,la Trinitat Nova,0.4956205363158604,0.046085433230022906,0.1313839105241881,0.015227058347931546,0.31168306158199705
2022,8,Nou Barris,54,Torre Baró,0.49207988980716255,0.05544077134986226,0.16115702479338842,0.022727272727272728,0.26859504132231404
2022,8,Nou Barris,55,Ciutat Meridiana,0.35991857883049594,0.03821243523316062,0.16571058475203554,0.013601036269430052,0.4225573649148779
2022,8,Nou Barris,56,Vallbona,0.4866197183098592,0.06549295774647887,0.19225352112676056,0.020422535211267606,0.2352112676056338
2022,9,Sant Andreu,57,la Trinitat Vella,0.39833944776983976,0.041513805754006566,0.15041513805754006,0.02365321490635258,0.38607839351226103
2022,9,Sant Andreu,58,Baró de Viver,0.5555128697656551,0.09642719938532462,0.11717249327698809,0.019976949673453707,0.21091048789857855
2022,9,Sant Andreu,59,el Bon Pastor,0.5084858323494688,0.07415879574970484,0.13141971664698937,0.018226092089728453,0.2677095631641086
2022,9,Sant Andreu,60,Sant Andreu,0.5947560340336864,0.07476992533425943,0.1800833478034381,0.016930022573363433,0.13346067025525266
2022,9,Sant Andreu,61,la Sagrera,0.4916757270997554,0.06506523511823865,0.19054090785539549,0.020453927697743953,0.23226420222886654
2022,9,Sant Andreu,62,el Congrés i els Indians,0.5581866443140542,0.06838502374965073,0.14005308745459624,0.028569432802458786,0.20480581167924
2022,9,Sant Andreu,63,Navas,0.5264597292492821,0.06632025160672775,0.15857605177993528,0.02962760381056566,0.21901636355348922
2022,10,Sant Martí,64,el Camp de l'Arpa del Clot,0.4897371452508116,0.07320138234370091,0.1445177505497958,0.044062205466541,0.24835061262959474
2022,10,Sant Martí,65,el Clot,0.5185985667159595,0.06760702233344709,0.1672923065256133,0.041785159064194444,0.20471694536078566
2022,10,Sant Martí,66,el Parc i la Llacuna del Poblenou,0.45647132560325915,0.06825446568473832,0.1620808523973676,0.07402068317141962,0.2391726731432153
2022,10,Sant Martí,67,la Vila Olímpica del Poblenou,0.5061899679829243,0.09252934898612593,0.13788687299893276,0.0864461045891142,0.1769477054429029
2022,10,Sant Martí,68,el Poblenou,0.5426065530491919,0.06872781672582207,0.11610102373060338,0.07347980405385586,0.19908480244052681
2022,10,Sant Martí,69,Diagonal Mar i el Front Marítim del Poblenou,0.5165097863439414,0.07664724338861498,0.14111758553712833,0.0640221126550127,0.20170327207530256
2022,10,Sant Martí,70,el Besòs i el Maresme,0.3857338091261104,0.0490471490395566,0.1400804798420773,0.03044567610659783,0.3946928858856579
2022,10,Sant Martí,71,Provençals del Poblenou,0.5345032013279583,0.06582878823808394,0.16039838747925064,0.03998102916765473,0.1992885937870524
2022,10,Sant Martí,72,Sant Martí de Provençals,0.515284011762885,0.06817830057266677,0.20105246865810247,0.024028788113295157,0.19145643089305062
2022,10,Sant Martí,73,la Verneda i la Pau,0.483578039106534,0.06165193793055459,0.23731821028460093,0.018718252035348968,0.19873356064296152
2023,1,Ciutat Vella,1,el Raval,0.25379576276756566,0.04219705102644436,0.08465701202813136,0.07698880441688759,0.542361369760971
2023,1,Ciutat Vella,2,el Barri Gòtic,0.17703603714157157,0.03472818750766965,0.06462960690473268,0.10238475068515564,0.6212214177608705
2023,1,Ciutat Vella,3,la Barceloneta,0.3580688108752015,0.04106229416298788,0.10349660149954452,0.138602760843669,0.3587695326185972
2023,1,Ciutat Vella,4,"Sant Pere, Santa Caterina i la Ribera",0.2858569353667393,0.05142519970951343,0.10738925199709513,0.1446532316630356,0.4106753812636166
2023,2,Eixample,5,el Fort Pienc,0.4104905067891722,0.06957811182508068,0.12868897740819352,0.06309423429186171,0.3281481696856919
2023,2,Eixample,6,la Sagrada Família,0.44388130150501026,0.0730645722907881,0.1324331643904515,0.053023561728633886,0.29759740008511626
2023,2,Eixample,7,la Dreta de l'Eixample,0.4530026998207682,0.07976949429407627,0.10570138621049527,0.0898200875740182,0.27170633210064205
2023,2,Eixample,8,l'Antiga Esquerra de l'Eixample,0.4380602429377209,0.0849579890935474,0.11634329580827112,0.07126641233880217,0.2893720598216584
2023,2,Eixample,9,la Nova Esquerra de l'Eixample,0.463309127549425,0.0903894930683437,0.1381640665716966,0.04714916090476356,0.2609881519057712
2023,2,Eixample,10,Sant Antoni,0.45076460593386486,0.07601620703176055,0.1276434453012678,0.05915566592602274,0.28642007580708406
2023,3,Sants-Montjuïc,11,el Poble-sec,0.3763734846530823,0.052618003611039466,0.11805519731751354,0.0805261800361104,0.37242713438225433
2023,3,Sants-Montjuïc,12,la Marina del Prat Vermell,0.6060786650774732,0.06138259833134684,0.08700834326579261,0.037544696066746125,0.20798569725864124
2023,3,Sants-Montjuïc,13,la Marina de Port,0.4989648033126294,0.05931841335568044,0.1703966610798909,0.022807190509053863,0.2485129317427454
2023,3,Sants-Montjuïc,14,la Font de la Guatlla,0.4194624475791079,0.06995806328631338,0.173846740373618,0.046130385055280214,0.29060236370568054
2023,3,Sants-Montjuïc,15,Hostafrancs,0.42687128092702786,0.07817099906044472,0.14312558722204824,0.0578766050735985,0.29395552771688066
2023,3,Sants-Montjuïc,16,la Bordeta,0.5027887638170571,0.08097556028800325,0.16433424601967347,0.03067640198762803,0.22122502788763818
2023,3,Sants-Montjuïc,17,Sants - Badal,0.43444708972990725,0.08734915031606601,0.16759707741564733,0.029472128725063624,0.2811345538133158
2023,3,Sants-Montjuïc,18,Sants,0.4512069043017036,0.08187620802804872,0.1285791342652942,0.04216298826808109,0.2961747651368724
2023,4,Les Corts,19,les Corts,0.5369564271100857,0.10505811169633918,0.14299394941888305,0.03173290384364254,0.1832586079310495
2023,4,Les Corts,20,la Maternitat i Sant Ramon,0.4904161989106482,0.10693942039832023,0.16988898590495197,0.02723379485260488,0.2055215999334747
2023,4,Les Corts,21,Pedralbes,0.5281167546174143,0.09498680738786279,0.11988786279683378,0.05920184696569921,0.19780672823218998
2023,5,Sarrià-Sant Gervasi,22,"Vallvidrera, el Tibidabo i les Planes",0.608155661353757,0.09211343407162079,0.0904574622231422,0.06975781411716,0.13951562823432
2023,5,Sarrià-Sant Gervasi,23,Sarrià,0.6101831354397264,0.08963574159790702,0.0897967397866774,0.05940833165626887,0.1509760515194204
2023,5,Sarrià-Sant Gervasi,24,les Tres Torres,0.6408554572271387,0.08560717797443461,0.10023352999016716,0.0382866273352999,0.13501720747295967
2023,5,Sarrià-Sant Gervasi,25,Sant Gervasi - la Bonanova,0.6061997703788748,0.08166858017604287,0.0961347110600842,0.04305396096440873,0.17294297742058937
2023,5,Sarrià-Sant Gervasi,26,Sant Gervasi - Galvany,0.5929959293298083,0.0833438247513534,0.09412900247597465,0.047903814679592094,0.18162742876327165
2023,5,Sarrià-Sant Gervasi,27,el Putxet i el Farró,0.5715570657605437,0.08568192417882604,0.09700846158971284,0.048870677593443934,0.19688187087747352
2023,6,Gràcia,28,Vallcarca i els Penitents,0.5377878490935816,0.08059774620284174,0.12922586967172955,0.04532092111709946,0.20706761391474768
2023,6,Gràcia,29,el Coll,0.5117571059431525,0.06498708010335917,0.15219638242894057,0.0417312661498708,0.229328165374677
2023,6,Gràcia,30,la Salut,0.5496811508230758,0.08401305057096248,0.13102476642444016,0.050051905679964405,0.18522912650155718
2023,6,Gràcia,31,la Vila de Gràcia,0.4740714085802247,0.08658190396225661,0.11626884170964776,0.08268361920754867,0.24039422654032225
2023,6,Gràcia,32,el Camp d'en Grassot i Gràcia Nova,0.5196283917747692,0.08457485979720161,0.12233048207103608,0.05441001529485073,0.2190562510621424
2023,7,Horta-Guinardó,33,el Baix Guinardó,0.5096826878208119,0.07680043552652045,0.14489034064395706,0.03826411572561829,0.23036242028309223
2023,7,Horta-Guinardó,34,Can Baró,0.5180978664685277,0.06358136078972508,0.15709584969748433,0.04054771255705339,0.22067721048720942
2023,7,Horta-Guinardó,35,el Guinardó,0.5174212781814794,0.06814128669914025,0.13516463041337273,0.034922409433309376,0.24435039527269822
2023,7,Horta-Guinardó,36,la Font d'en Fargues,0.6421876609331548,0.0684931506849315,0.1507879287259244,0.024410340920795137,0.11412091873519414
2023,7,Horta-Guinardó,37,el Carmel,0.45325909748069765,0.038266326248115906,0.21830877603125287,0.024977698483496878,0.2651881017564367
2023,7,Horta-Guinardó,38,la Teixonera,0.4718682773456892,0.044100612278669536,0.19915604832037068,0.02689061724309118,0.25798444481217936
2023,7,Horta-Guinardó,39,Sant Genís dels Agudells,0.45354821235102927,0.05782773564463705,0.1822860238353196,0.023158179848320692,0.2831798483206934
2023,7,Horta-Guinardó,40,Montbau,0.5106300734441438,0.06880556629300348,0.16524932354078084,0.020873598763045998,0.2344414379590259
2023,7,Horta-Guinardó,41,la Vall d'Hebron,0.5250255362614913,0.0675859720803541,0.22761321075927818,0.02247191011235955,0.15730337078651685
2023,7,Horta-Guinardó,42,la Clota,0.6266094420600858,0.05150214592274678,0.11731044349070101,0.02145922746781116,0.18311874105865522
2023,7,Horta-Guinardó,43,Horta,0.525679861134747,0.05660120486028386,0.1620775330996222,0.019059936693781695,0.23658146421156528
2023,8,Nou Barris,44,Vilapicina i la Torre Llobeta,0.4953891268279508,0.05826291623258865,0.18007485434270942,0.019253771655670025,0.24701933094108114
2023,8,Nou Barris,45,Porta,0.41182357813362785,0.04924765323025952,0.17721562672556598,0.01825648812810602,0.3434566537824406
2023,8,Nou Barris,46,el Turó de la Peira,0.4308259134172551,0.04488793368130181,0.1354006754682223,0.014491863678231501,0.37439361375498925
2023,8,Nou Barris,47,Can Peguera,0.6506024096385542,0.04541241890639481,0.1417979610750695,0.004170528266913809,0.15801668211306766
2023,8,Nou Barris,48,la Guineueta,0.5418141302923056,0.05793682002883733,0.21555905098964478,0.01330449600209726,0.17138550268711494
2023,8,Nou Barris,49,Canyelles,0.5634218289085545,0.05088495575221239,0.2616519174041298,0.009882005899705015,0.11415929203539824
2023,8,Nou Barris,50,les Roquetes,0.42933236486895465,0.03855698807578234,0.17287089159251862,0.01912717147872405,0.34011258398402033
2023,8,Nou Barris,51,Verdun,0.4254619480112747,0.040792358283745694,0.18423113059818352,0.01808643908549953,0.33142812402129657
2023,8,Nou Barris,52,la Prosperitat,0.4532357906584131,0.04727068092290377,0.22243481523166386,0.01680735321703245,0.2602513599699869
2023,8,Nou Barris,53,la Trinitat Nova,0.48098111227701995,0.04839979013641133,0.12263903462749214,0.01455928646379853,0.33342077649527807
2023,8,Nou Barris,54,Torre Baró,0.4906303236797274,0.05281090289608177,0.1526405451448041,0.020442930153321975,0.28347529812606476
2023,8,Nou Barris,55,Ciutat Meridiana,0.35350465137699183,0.03813208068527218,0.1581468177212858,0.01344754536243898,0.43676890485401126
2023,8,Nou Barris,56,Vallbona,0.47431386347642507,0.06826178747361013,0.18437719915552428,0.018296973961998593,0.2547501759324419
2023,9,Sant Andreu,57,la Trinitat Vella,0.39325296519541125,0.04287380906085942,0.14427377017305074,0.02090219716118997,0.3986972584094886
2023,9,Sant Andreu,58,Baró de Viver,0.5596436870642912,0.09643687064291247,0.10766847405112316,0.017428350116189,0.21882261812548412
2023,9,Sant Andreu,59,el Bon Pastor,0.47370609020993554,0.07143352040462828,0.11972562876740803,0.016489988221436984,0.31864477239659117
2023,9,Sant Andreu,60,Sant Andreu,0.5883765527011385,0.07494428415942504,0.174178947186566,0.016256932087141303,0.14624328386572916
2023,9,Sant Andreu,61,la Sagrera,0.480917817841255,0.06388600862962839,0.18138943706726426,0.020737866675586178,0.2530688697862662
2023,9,Sant Andreu,62,el Congrés i els Indians,0.5448700410396717,0.06607387140902873,0.1344733242134063,0.025444596443228454,0.22913816689466485
2023,9,Sant Andreu,63,Navas,0.5185420255689546,0.06691449814126393,0.1547737782210536,0.028651736331489708,0.2311179617372382
2023,10,Sant Martí,64,el Camp de l'Arpa del Clot,0.4783720323506392,0.07315418732063658,0.13902948082441952,0.04343855987477172,0.266005739629533
2023,10,Sant Martí,65,el Clot,0.5115628778718259,0.06869709794437727,0.16248488512696493,0.041301390568319225,0.2159537484885127
2023,10,Sant Martí,66,el Parc i la Llacuna del Poblenou,0.4428797854181907,0.0679712265301146,0.15313338210192637,0.07461594732991954,0.2613996586198488
2023,10,Sant Martí,67,la Vila Olímpica del Poblenou,0.4958208315473639,0.09312044577796828,0.13416202314616374,0.08379768538362624,0.19309901414487785
2023,10,Sant Martí,68,el Poblenou,0.5310815561284274,0.0683442699789079,0.11287204124677759,0.07250410124209046,0.2151980314037966
2023,10,Sant Martí,69,Diagonal Mar i el Front Marítim del Poblenou,0.5068778347832552,0.0748754554241951,0.13673879098817757,0.06461446947728455,0.2168934493270875
2023,10,Sant Martí,70,el Besòs i el Maresme,0.36399497937959474,0.04773175542406312,0.1267348036578806,0.027469965931504393,0.43406849560695715
2023,10,Sant Martí,71,Provençals del Poblenou,0.5220498354489892,0.06572637517630465,0.15124588622472968,0.04038551951104843,0.22059238363892808
2023,10,Sant Martí,72,Sant Martí de Provençals,0.5059623910717016,0.06661825408958875,0.19091117566121388,0.02457575294297508,0.21193242623452072
2023,10,Sant Martí,73,la Verneda i la Pau,0.4719258651347285,0.06055943099439201,0.225755710573109,0.018191765832307482,0.223567227465463
2024,1,Ciutat Vella,1,el Raval,0.2442648814600034,0.04191540167149923,0.0787139689578714,0.07926829268292683,0.5558374552276991
2024,1,Ciutat Vella,2,el Barri Gòtic,0.16013083906060493,0.031937961703847995,0.0567091771105149,0.0948583189385865,0.6563637031864457
2024,1,Ciutat Vella,3,la Barceloneta,0.3465776063903044,0.03918193086351742,0.09585456548684754,0.138341826194739,0.38004407106459165
2024,1,Ciutat Vella,4,"Sant Pere, Santa Caterina i la Ribera",0.273010503827666,0.0489140110379206,0.10107708741320989,0.14763218800071212,0.4293662097204914
2024,2,Eixample,5,el Fort Pienc,0.385618923635155,0.06675345539151871,0.12012852117552558,0.06506384510982467,0.36243525468797605
2024,2,Eixample,6,la Sagrada Família,0.4277354846040223,0.0711661553611332,0.12494792258455478,0.05389539067530205,0.3222550467749877
2024,2,Eixample,7,la Dreta de l'Eixample,0.4389727355819604,0.07838241523062175,0.10063089372896092,0.09053213545266067,0.2914818200057962
2024,2,Eixample,8,l'Antiga Esquerra de l'Eixample,0.42080259461434805,0.08352556928488226,0.11145878537331841,0.07137473448598772,0.3128383162414636
2024,2,Eixample,9,la Nova Esquerra de l'Eixample,0.4523691029843318,0.088465960769508,0.13354842031199052,0.04791405673491102,0.2776166532237305
2024,2,Eixample,10,Sant Antoni,0.4388799834531258,0.0746677697916128,0.1209473085474947,0.0625937225296034,0.3029112156781633
2024,3,Sants-Montjuïc,11,el Poble-sec,0.3664819873873414,0.051395307273980645,0.11256925472974698,0.08387162662445426,0.3856818239844767
2024,3,Sants-Montjuïc,12,la Marina del Prat Vermell,0.5351542741527567,0.06272129489124936,0.08244815376833586,0.04754678806272129,0.2721294891249368
2024,3,Sants-Montjuïc,13,la Marina de Port,0.4886756486058609,0.05786565862169235,0.1613195050240703,0.023262576330328584,0.26887661141804786
2024,3,Sants-Montjuïc,14,la Font de la Guatlla,0.40881032547699214,0.06846240179573512,0.1669472502805836,0.04638982416760194,0.30939019827908715
2024,3,Sants-Montjuïc,15,Hostafrancs,0.4172586324047193,0.07715115201680153,0.13521526962752486,0.05633454814997838,0.314040397800976
2024,3,Sants-Montjuïc,16,la Bordeta,0.4844754009908275,0.07862853779369205,0.15568744788345515,0.032324520527787316,0.24888409280423798
2024,3,Sants-Montjuïc,17,Sants - Badal,0.42405520340207015,0.08673674075262777,0.15919120596967024,0.030329776137366603,0.29968707373826525
2024,3,Sants-Montjuïc,18,Sants,0.4247151844924333,0.07915320523720455,0.12087655160686958,0.041213229042679815,0.33393555517769086
2024,4,Les Corts,19,les Corts,0.523299869426547,0.10244664683091809,0.13690947620780444,0.03307147291135989,0.2042725346233705
2024,4,Les Corts,20,la Maternitat i Sant Ramon,0.4802961744138215,0.10637597696421226,0.1640065816536405,0.028424516659810776,0.22089675030851502
2024,4,Les Corts,21,Pedralbes,0.5122478386167147,0.09245917387127761,0.11591418507845021,0.06292026897214217,0.2164585334614153
2024,5,Sarrià-Sant Gervasi,22,"Vallvidrera, el Tibidabo i les Planes",0.59,0.09306122448979592,0.08795918367346939,0.07081632653061225,0.15816326530612246
2024,5,Sarrià-Sant Gervasi,23,Sarrià,0.5992909214038162,0.0883958092658248,0.08783810699916345,0.05995299366609569,0.16452216866509978
2024,5,Sarrià-Sant Gervasi,24,les Tres Torres,0.6347327312667805,0.08457407859409324,0.09586282645838419,0.037649499633878446,0.14718086404686356
2024,5,Sarrià-Sant Gervasi,25,Sant Gervasi - la Bonanova,0.5927241456666418,0.08019890824796232,0.09220070290884619,0.042884917370821805,0.19199132580572795
2024,5,Sarrià-Sant Gervasi,26,Sant Gervasi - Galvany,0.5776211344468332,0.08171407309409624,0.09095419216140235,0.04770960807011741,0.20200099222755086
2024,5,Sarrià-Sant Gervasi,27,el Putxet i el Farró,0.5606635227385153,0.0842594730072882,0.09303169211489629,0.05045674900240742,0.21158856313689278
2024,6,Gràcia,28,Vallcarca i els Penitents,0.523147037658911,0.07921563924202446,0.12455025185895899,0.04689373950587671,0.22619333173422884
2024,6,Gràcia,29,el Coll,0.4943975827772882,0.06458516933148685,0.14314490746569306,0.04494523479793529,0.2529271056275966
2024,6,Gràcia,30,la Salut,0.5357221206581353,0.08248628884826326,0.12460694698354662,0.05184643510054845,0.2053382084095064
2024,6,Gràcia,31,la Vila de Gràcia,0.4588557993730408,0.08495297805642633,0.1115203761755486,0.08332680250783699,0.2613440438871473
2024,6,Gràcia,32,el Camp d'en Grassot i Gràcia Nova,0.500123609394314,0.08287323169894245,0.11685208075813762,0.05589891498420547,0.2442521631644005
2024,7,Horta-Guinardó,33,el Baix Guinardó,0.4966128786725529,0.07504947480590653,0.13731161516212514,0.0399984776982798,0.25102755366113566
2024,7,Horta-Guinardó,34,Can Baró,0.5145406824146982,0.06341207349081365,0.15149606299212598,0.04136482939632546,0.22918635170603674
2024,7,Horta-Guinardó,35,el Guinardó,0.5035912760826255,0.06765754430114292,0.12994128132536437,0.036489462094998426,0.2623204361958687
2024,7,Horta-Guinardó,36,la Font d'en Fargues,0.6351529937989224,0.06719528311477076,0.1438446680898648,0.02500762427569381,0.1287994307207482
2024,7,Horta-Guinardó,37,el Carmel,0.44413162594980776,0.03883994793085702,0.20621802439984258,0.026064844246662427,0.2847455574728302
2024,7,Horta-Guinardó,38,la Teixonera,0.4588963963963964,0.04432110682110682,0.18766087516087515,0.027670527670527672,0.28145109395109397
2024,7,Horta-Guinardó,39,Sant Genís dels Agudells,0.43490019317450096,0.05550547327752737,0.1724404378622022,0.02498390212491951,0.31216999356084996
2024,7,Horta-Guinardó,40,Montbau,0.4988649262202043,0.06242905788876277,0.15701853953840333,0.020242149073023078,0.2614453272796065
2024,7,Horta-Guinardó,41,la Vall d'Hebron,0.521650534895568,0.06758363049753778,0.2185430463576159,0.02292409577177789,0.16929869247750043
2024,7,Horta-Guinardó,42,la Clota,0.6487455197132617,0.05137395459976105,0.11589008363201912,0.007168458781362007,0.1768219832735962
2024,7,Horta-Guinardó,43,Horta,0.49658988547162525,0.05446531977866426,0.14981984300604811,0.019334705958049158,0.2797902457856132
2024,8,Nou Barris,44,Vilapicina i la Torre Llobeta,0.4866293887177146,0.058427479173798924,0.17254364943512496,0.019818174902050286,0.26258130777131117
2024,8,Nou Barris,45,Porta,0.3865355763398985,0.046637086219555014,0.158808695374597,0.016790627892871963,0.3912280141730775
2024,8,Nou Barris,46,el Turó de la Peira,0.4184262178076488,0.044489383215369056,0.12597394873014928,0.015464224112294058,0.39564622613453876
2024,8,Nou Barris,47,Can Peguera,0.6444954128440367,0.045871559633027525,0.13073394495412843,0.012844036697247707,0.16605504587155964
2024,8,Nou Barris,48,la Guineueta,0.5370695827637831,0.05760593634055849,0.20842283408188506,0.012953199244939139,0.18394844756883422
2024,8,Nou Barris,49,Canyelles,0.5604832768528069,0.05068513334315603,0.252246942684544,0.009135111242080447,0.1274495358774127
2024,8,Nou Barris,50,les Roquetes,0.4173800106263652,0.03984886947281421,0.16240628136253615,0.019245528071314716,0.3611193104669697
2024,8,Nou Barris,51,Verdun,0.4137042370954294,0.04320472978094444,0.17175775032214052,0.017736678541650876,0.35359660425983475
2024,8,Nou Barris,52,la Prosperitat,0.4438700689250623,0.046524417069951605,0.21040475142982842,0.01671799384073911,0.2824827687344185
2024,8,Nou Barris,53,la Trinitat Nova,0.47281905254983175,0.04944343774268703,0.1154543101216671,0.013331607558892053,0.3489515920269221
2024,8,Nou Barris,54,Torre Baró,0.47386983007374156,0.05258095543443411,0.13562039115100993,0.023084321898044245,0.3148445014427701
2024,8,Nou Barris,55,Ciutat Meridiana,0.3477358830957965,0.03761500992242468,0.14784412772866679,0.012267725058632509,0.45453725419447955
2024,8,Nou Barris,56,Vallbona,0.47529575504523314,0.07237299930410578,0.17884481558803061,0.016005567153792623,0.25748086290883787
2024,9,Sant Andreu,57,la Trinitat Vella,0.37720450281425894,0.04343339587242026,0.1348968105065666,0.020637898686679174,0.42382739212007503
2024,9,Sant Andreu,58,Baró de Viver,0.5455589586523737,0.09609494640122511,0.10298621745788668,0.016462480857580397,0.23889739663093415
2024,9,Sant Andreu,59,el Bon Pastor,0.43757913395796405,0.06761205368447708,0.10584958217270195,0.01652317042289187,0.37243605976196503
2024,9,Sant Andreu,60,Sant Andreu,0.580064133178686,0.07496418093743604,0.16736030565600055,0.017107866548406906,0.16050351367947055
2024,9,Sant Andreu,61,la Sagrera,0.4695738028632549,0.06318907355603094,0.17442817179529374,0.022083264768800397,0.27072568701662003
2024,9,Sant Andreu,62,el Congrés i els Indians,0.5311558797938558,0.06498895656247908,0.1266314169064989,0.02710661936952011,0.2501171273676461
2024,9,Sant Andreu,63,Navas,0.5068285280728376,0.06574131928947603,0.14665714540748015,0.029902704632687672,0.2508703025975185
2024,10,Sant Martí,64,el Camp de l'Arpa del Clot,0.4653384209582832,0.07111577761274296,0.13301236907475222,0.04489231478398935,0.28564111757023225
2024,10,Sant Martí,65,el Clot,0.4982622669008558,0.06696812287454688,0.1559849022758698,0.04372360701072536,0.23506110093800217
2024,10,Sant Martí,66,el Parc i la Llacuna del Poblenou,0.4284875528417097,0.06646312822921559,0.14496242367308596,0.07491780178487553,0.2851690934711132
2024,10,Sant Martí,67,la Vila Olímpica del Poblenou,0.48750267036957917,0.09154026917325357,0.13138218329416793,0.08577227088229011,0.20380260628070926
2024,10,Sant Martí,68,el Poblenou,0.5153111432706223,0.06659913169319827,0.10769898697539797,0.07507959479015919,0.23531114327062227
2024,10,Sant Martí,69,Diagonal Mar i el Front Marítim del Poblenou,0.4987026466009341,0.07368967306694343,0.1327748535844021,0.06457113203350878,0.23026169471421157
2024,10,Sant Martí,70,el Besòs i el Maresme,0.3349411031269482,0.04596909144600846,0.11257669718148111,0.02808675394559832,0.4784263542999639
2024,10,Sant Martí,71,Provençals del Poblenou,0.5108786610878661,0.06517898651789865,0.14532775453277547,0.041143654114365415,0.23747094374709438
2024,10,Sant Martí,72,Sant Martí de Provençals,0.49535172569535924,0.0651511159622116,0.18243065226391658,0.02589483985095412,0.23117166622755844
2024,10,Sant Martí,73,la Verneda i la Pau,0.45442257607226455,0.059703952790690004,0.21052978604160485,0.020274948076352488,0.2550687370190881
2025,1,Ciutat Vella,1,el Raval,0.2305919140491892,0.04173264647517489,0.07210006213794624,0.07713123133356051,0.5784441460041292
2025,1,Ciutat Vella,2,el Barri Gòtic,0.15418296665829237,0.03362882675950185,0.05498331120123461,0.0917345583749058,0.6654703370060654
2025,1,Ciutat Vella,3,la Barceloneta,0.33369513601519574,0.03758225357845465,0.09022454378943084,0.1394749338579472,0.39902313275897155
2025,1,Ciutat Vella,4,"Sant Pere, Santa Caterina i la Ribera",0.2646451329378159,0.04869259503405845,0.0941771039332015,0.14871456822676335,0.44377059986816086
2025,2,Eixample,5,el Fort Pienc,0.37441263249918044,0.06682329800021855,0.11526062725385204,0.06797071358321495,0.37553272866353404
2025,2,Eixample,6,la Sagrada Família,0.415152137773876,0.07066141173394101,0.11930067056428265,0.055176793619366046,0.3397089863085343
2025,2,Eixample,7,la Dreta de l'Eixample,0.4230617522023053,0.0772669500810799,0.09615637463294911,0.09422798790375597,0.30928693517990974
2025,2,Eixample,8,l'Antiga Esquerra de l'Eixample,0.4124519809969768,0.08242220353238015,0.10790353010706248,0.0743300070465756,0.32289227831700495
2025,2,Eixample,9,la Nova Esquerra de l'Eixample,0.4413984499272346,0.08850306291670897,0.1279994584898636,0.0494804887128981,0.2925339289944834
2025,2,Eixample,10,Sant Antoni,0.42737266304486443,0.07253806718188079,0.11724947075777285,0.06593210396102736,0.31690769505445454
2025,3,Sants-Montjuïc,11,el Poble-sec,0.3507892385585228,0.05144941923955128,0.10664648069095602,0.0841109897746451,0.40700387173632485
2025,3,Sants-Montjuïc,12,la Marina del Prat Vermell,0.4801808066759388,0.06571627260083449,0.07927677329624479,0.05180806675938804,0.32301808066759385
2025,3,Sants-Montjuïc,13,la Marina de Port,0.47390713405190127,0.05787527262382653,0.15339633972879857,0.023137465625691436,0.2916837879697822
2025,3,Sants-Montjuïc,14,la Font de la Guatlla,0.3925181977333456,0.06652538468626186,0.1621671427255137,0.04938726619367917,0.3294020086611997
2025,3,Sants-Montjuïc,15,Hostafrancs,0.39548728939691613,0.07406084419836875,0.12651068643210098,0.05643864975888552,0.3475025302137286
2025,3,Sants-Montjuïc,16,la Bordeta,0.4624693915991712,0.07666227161423997,0.1462139762667169,0.032021096251648146,0.2823507251836504
2025,3,Sants-Montjuïc,17,Sants - Badal,0.41395238659244343,0.0845670970034348,0.1518812428441707,0.03221603695368945,0.3173832366062616
2025,3,Sants-Montjuïc,18,Sants,0.419144430326133,0.07903430749682339,0.11802202456586192,0.042016094875052944,0.34178314273612875
2025,4,Les Corts,19,les Corts,0.5154788229290695,0.10210069739751658,0.13265436298690253,0.032488518455519644,0.21727759823099166
2025,4,Les Corts,20,la Maternitat i Sant Ramon,0.47133886975896294,0.10415231922219971,0.15807170346364188,0.030625886165687663,0.2358112213895078
2025,4,Les Corts,21,Pedralbes,0.5091757633285873,0.09080841638981174,0.11129568106312292,0.06351843062806518,0.2252017085904129
2025,5,Sarrià-Sant Gervasi,22,"Vallvidrera, el Tibidabo i les Planes",0.5825438419673453,0.09695625881878653,0.08264462809917356,0.07296915944366056,0.16488611167103406
2025,5,Sarrià-Sant Gervasi,23,Sarrià,0.596359319351009,0.08650573802928374,0.08468539770478829,0.0627225959635932,0.16972694895132567
2025,5,Sarrià-Sant Gervasi,24,les Tres Torres,0.6279083969465649,0.08299236641221375,0.09337404580152672,0.04,0.15572519083969466
2025,5,Sarrià-Sant Gervasi,25,Sant Gervasi - la Bonanova,0.5890181167524043,0.07880414523223739,0.09002460299709238,0.043838067546410196,0.19831506747185565
2025,5,Sarrià-Sant Gervasi,26,Sant Gervasi - Galvany,0.5639713615403285,0.08027263166410485,0.08886821454574872,0.049894830515330474,0.2169929617344875
2025,5,Sarrià-Sant Gervasi,27,el Putxet i el Farró,0.5520538589130647,0.08420333691091814,0.08947214362376817,0.05099684522067194,0.22327381533157706
2025,6,Gràcia,28,Vallcarca i els Penitents,0.5133888987409115,0.078796476916711,0.11899272920730626,0.05018620322752261,0.23863569190754863
2025,6,Gràcia,29,el Coll,0.482017055988135,0.06315659374613769,0.13879619330119886,0.04943764676801384,0.26659251019651464
2025,6,Gràcia,30,la Salut,0.5178393035535893,0.082132153560725,0.12152133580705009,0.05237619523333809,0.22613101184529755
2025,6,Gràcia,31,la Vila de Gràcia,0.4489149741292764,0.08377094756351842,0.1076337941153757,0.08467835354081396,0.2750019306510155
2025,6,Gràcia,32,el Camp d'en Grassot i Gràcia Nova,0.4917242881254424,0.08215821854412805,0.11536995698807644,0.05575216420754614,0.254995372134807
2025,7,Horta-Guinardó,33,el Baix Guinardó,0.48825813260959705,0.07316521542462966,0.13279807003656377,0.041124806815183386,0.26465377511402616
2025,7,Horta-Guinardó,34,Can Baró,0.5021712158808933,0.061931348221670804,0.14464433416046318,0.04435483870967742,0.24689826302729528
2025,7,Horta-Guinardó,35,el Guinardó,0.49211388775092174,0.0675440393281442,0.12400143383859075,0.03743342892257272,0.2789072101597706
2025,7,Horta-Guinardó,36,la Font d'en Fargues,0.6247990353697749,0.0677250803858521,0.13766077170418006,0.02592443729903537,0.14389067524115756
2025,7,Horta-Guinardó,37,el Carmel,0.43536465908753597,0.03852889667250438,0.1942770637300009,0.02659621835020333,0.30523316215975543
2025,7,Horta-Guinardó,38,la Teixonera,0.44815549385164616,0.04474414914716383,0.17715192383974612,0.028718762395874654,0.3012296707655692
2025,7,Horta-Guinardó,39,Sant Genís dels Agudells,0.4274028629856851,0.0571319018404908,0.16283231083844582,0.026712678936605318,0.325920245398773
2025,7,Horta-Guinardó,40,Montbau,0.48343627175743964,0.06326034063260341,0.1501029384241063,0.02264645330338761,0.28055399588246305
2025,7,Horta-Guinardó,41,la Vall d'Hebron,0.5093489148580969,0.0681135225375626,0.21469115191986646,0.024040066777963272,0.18380634390651085
2025,7,Horta-Guinardó,42,la Clota,0.6125116713352008,0.05788982259570495,0.10270774976657329,0.02427637721755369,0.20261437908496732
2025,7,Horta-Guinardó,43,Horta,0.49321773625951754,0.05540981508733764,0.1443790389660247,0.020282807601254078,0.286710602085866
2025,8,Nou Barris,44,Vilapicina i la Torre Llobeta,0.47896025616877,0.05809003578828405,0.16643435675268411,0.02102090789225843,0.2754944433980034
2025,8,Nou Barris,45,Porta,0.3842081765418713,0.046814210089929205,0.15291153772562024,0.01642324127814274,0.3996428343644365
2025,8,Nou Barris,46,el Turó de la Peira,0.4053759743237047,0.04430307198532783,0.11600183402109124,0.016162310866574967,0.41815680880330125
2025,8,Nou Barris,47,Can Peguera,0.6410138248847926,0.04331797235023042,0.12672811059907835,0.014285714285714285,0.17465437788018434
2025,8,Nou Barris,48,la Guineueta,0.5270218474511307,0.05781269962948767,0.19803245176951578,0.013031812955155231,0.20410118819471063
2025,8,Nou Barris,49,Canyelles,0.5542999706486645,0.0516583504549457,0.24757851482242443,0.009539184032873496,0.13692398004109188
2025,8,Nou Barris,50,les Roquetes,0.40660546220913446,0.040071597667301805,0.15254922339627,0.01888099774813788,0.38189271897915583
2025,8,Nou Barris,51,Verdun,0.40621761658031086,0.043671354552183565,0.1612139156180607,0.01843079200592154,0.3704663212435233
2025,8,Nou Barris,52,la Prosperitat,0.4332951207279501,0.04735974779680447,0.1974994626352368,0.01902271261732464,0.30282295622268396
2025,8,Nou Barris,53,la Trinitat Nova,0.4608913998744507,0.04883866917765223,0.10583804143126177,0.01431261770244821,0.3701192718141871
2025,8,Nou Barris,54,Torre Baró,0.4655707196029777,0.05334987593052109,0.1262406947890819,0.024503722084367244,0.33033498759305213
2025,8,Nou Barris,55,Ciutat Meridiana,0.3429981492905614,0.03657354366792985,0.13624746629064952,0.012161804882347757,0.4720190358685115
2025,8,Nou Barris,56,Vallbona,0.4621212121212121,0.07988980716253444,0.16666666666666666,0.01652892561983471,0.27479338842975204
2025,9,Sant Andreu,57,la Trinitat Vella,0.368010752688172,0.04175627240143369,0.1253584229390681,0.021236559139784946,0.4436379928315412
2025,9,Sant Andreu,58,Baró de Viver,0.5216579536967887,0.09260642270351008,0.09746079163554892,0.02128454070201643,0.2669902912621359
2025,9,Sant Andreu,59,el Bon Pastor,0.43566222669012317,0.06779341543101282,0.10304096506659965,0.016147273184217138,0.37735611962804727
2025,9,Sant Andreu,60,Sant Andreu,0.5741585417549809,0.07433658329800763,0.16213649851632048,0.018889359898261977,0.170479016532429
2025,9,Sant Andreu,61,la Sagrera,0.4575000807676154,0.06212644977869673,0.1658643750201919,0.023971828255742577,0.2905372661777534
2025,9,Sant Andreu,62,el Congrés i els Indians,0.5262047597072977,0.06407805392576967,0.1222888786340563,0.02861098292570374,0.2588173248071725
2025,9,Sant Andreu,63,Navas,0.4954571390949392,0.06452179256463152,0.13935829346442524,0.0331387438002019,0.26752403107580214
2025,10,Sant Martí,64,el Camp de l'Arpa del Clot,0.4537481466589601,0.06900711180358354,0.1264544015279069,0.04716910009298118,0.30362123991656825
2025,10,Sant Martí,65,el Clot,0.48511015166611315,0.06487324255507583,0.15085427506550056,0.045942654710505924,0.25321967600280454
2025,10,Sant Martí,66,el Parc i la Llacuna del Poblenou,0.4181962834574075,0.06438597488208217,0.13758026936409615,0.07512644200716032,0.30471103028925384
2025,10,Sant Martí,67,la Vila Olímpica del Poblenou,0.4792893075029434,0.09033501016804024,0.12661885903885262,0.08787327410895858,0.21588354918120517
2025,10,Sant Martí,68,el Poblenou,0.503893342527943,0.06614372324224924,0.1037554233830417,0.07734965376547999,0.2488578570812861
2025,10,Sant Martí,69,Diagonal Mar i el Front Marítim del Poblenou,0.48622378133450267,0.07469122268508369,0.12745742892640502,0.066359716436454,0.24526785061755463
2025,10,Sant Martí,70,el Besòs i el Maresme,0.3316404596803073,0.04587036494449328,0.10613015593970765,0.02763941791190546,0.4887196015235863
2025,10,Sant Martí,71,Provençals del Poblenou,0.4995890410958904,0.06351598173515982,0.13936073059360732,0.041552511415525115,0.25598173515981737
2025,10,Sant Martí,72,Sant Martí de Provençals,0.4854282536151279,0.06496106785317018,0.17371153133110864,0.027104189840563588,0.24879495736002966
2025,10,Sant Martí,73,la Verneda i la Pau,0.4415596919127086,0.06039794608472401,0.1970795892169448,0.021501925545571246,0.2794608472400513
