Any,Codi_Districte,Nom_Districte,Codi_Barri,Nom_Barri,poblacio_total,edat_mitjana,pct_menors,pct_joves_adults,pct_adults,pct_jubilats
2015,1,Ciutat Vella,1,el Raval,46843,38.55914437589394,0.14796234229233823,0.3314689494695045,0.3188736844352411,0.12018871549644557
2015,1,Ciutat Vella,2,el Barri Gòtic,15333,40.802126133176806,0.0975021196112959,0.3701167416682971,0.3212026348398878,0.13806821887432336
2015,1,Ciutat Vella,3,la Barceloneta,14944,43.27014186295503,0.10452355460385439,0.3205968950749465,0.31377141327623126,0.19305406852248394
2015,1,Ciutat Vella,4,"Sant Pere, Santa Caterina i la Ribera",22324,40.64074538613152,0.11754165920086006,0.35576061637699335,0.3158932091023114,0.14562802365167532
2015,2,Eixample,5,el Fort Pienc,31473,44.09055380802593,0.13916690496616146,0.2503097893432466,0.33603406094112415,0.21294442855781145
2015,2,Eixample,6,la Sagrada Família,51013,45.20226216846686,0.12518377668437458,0.24476113931742888,0.3447552584635289,0.22349205104581185
2015,2,Eixample,7,la Dreta de l'Eixample,43156,43.948720919455,0.14375753081842618,0.2435814255259987,0.34027713411808325,0.20975067198072112
2015,2,Eixample,8,l'Antiga Esquerra de l'Eixample,41483,44.49514258853024,0.12973989345032905,0.2567798857363257,0.3328833498059446,0.21811344406142275
2015,2,Eixample,9,la Nova Esquerra de l'Eixample,57523,45.00782295777341,0.12713175599325488,0.2449802687620604,0.3380039288632373,0.22594440484675696
2015,2,Eixample,10,Sant Antoni,37921,45.12006539911922,0.1241001028453891,0.2539489992352522,0.3366208697028032,0.22662904459270589
2015,3,Sants-Montjuïc,11,el Poble-sec,40119,42.13066128268402,0.1390862184999626,0.28776888755951047,0.3365238415713253,0.17545302724394926
2015,3,Sants-Montjuïc,12,la Marina del Prat Vermell,946,42.47568710359408,0.11627906976744186,0.2653276955602537,0.3879492600422833,0.14799154334038056
2015,3,Sants-Montjuïc,13,la Marina de Port,30160,42.72327586206897,0.1696949602122016,0.20009946949602123,0.36114058355437667,0.19575596816976126
2015,3,Sants-Montjuïc,14,la Font de la Guatlla,10356,44.50502124372345,0.13113171108536115,0.24613750482811897,0.3444380069524913,0.2152375434530707
2015,3,Sants-Montjuïc,15,Hostafrancs,15723,43.31425300515169,0.1280290020988361,0.2779367805126248,0.3456083444635248,0.1886408446225275
2015,3,Sants-Montjuïc,16,la Bordeta,18353,44.864490818939686,0.1372527652154961,0.2205633956301422,0.359668719010516,0.21947365553315534
2015,3,Sants-Montjuïc,17,Sants - Badal,23978,44.728459421136044,0.13011927600300274,0.23763449829009925,0.35365751939277673,0.21511385436650263
2015,3,Sants-Montjuïc,18,Sants,40560,44.292381656804736,0.1334319526627219,0.24960552268244576,0.3428007889546351,0.21316568047337278
2015,4,Les Corts,19,les Corts,45659,45.52655555312206,0.1396000788453536,0.2091592019098097,0.3422764405703147,0.24512144374603034
2015,4,Les Corts,20,la Maternitat i Sant Ramon,23731,45.4525725843833,0.14183978761956934,0.21233829168598037,0.3341620664953015,0.24824069782141503
2015,4,Les Corts,21,Pedralbes,11620,43.767469879518075,0.18803786574870912,0.17323580034423408,0.32865748709122206,0.2385542168674699
2015,5,Sarrià-Sant Gervasi,22,"Vallvidrera, el Tibidabo i les Planes",4445,38.88773903262092,0.23577052868391452,0.17547806524184478,0.3901012373453318,0.1331833520809899
2015,5,Sarrià-Sant Gervasi,23,Sarrià,24470,41.778790355537396,0.21418062934205148,0.1786677564364528,0.33044544340008175,0.2061708214139763
2015,5,Sarrià-Sant Gervasi,24,les Tres Torres,16407,41.26537453525934,0.2106417992320351,0.1638325105138051,0.3285183153532029,0.20198695678673736
2015,5,Sarrià-Sant Gervasi,25,Sant Gervasi - la Bonanova,25260,42.92961203483769,0.19014251781472685,0.17569279493269993,0.33539192399049883,0.2191607284243864
2015,5,Sarrià-Sant Gervasi,26,Sant Gervasi - Galvany,46557,43.67061881134953,0.18016624782524648,0.1835599372811822,0.3349013037781644,0.22692613355671543
2015,5,Sarrià-Sant Gervasi,27,el Putxet i el Farró,28968,43.03793841480254,0.17008423087544877,0.215962441314554,0.33640568903617785,0.2088511460922397
2015,6,Gràcia,28,Vallcarca i els Penitents,15379,44.03810390792639,0.16067364588074648,0.21360296508225501,0.3440405748098056,0.22426685740295207
2015,6,Gràcia,29,el Coll,7332,42.94012547735952,0.1588925259138025,0.2289961811238407,0.34888161483906166,0.1988543371522095
2015,6,Gràcia,30,la Salut,13184,44.86589805825243,0.14661711165048544,0.22519720873786409,0.3258495145631068,0.24021541262135923
2015,6,Gràcia,31,la Vila de Gràcia,50172,43.1185920433708,0.1316272024236626,0.29773578888623137,0.32235111217412105,0.1934943793350873
2015,6,Gràcia,32,el Camp d'en Grassot i Gràcia Nova,33842,45.291944920512975,0.13474380946752557,0.23133975533360912,0.3384551740440872,0.23556527391998108
2015,7,Horta-Guinardó,33,el Baix Guinardó,25423,45.93785155174449,0.13255713330448807,0.22369507925893875,0.3378830193132203,0.24501435707823624
2015,7,Horta-Guinardó,34,Can Baró,8793,44.84533151370408,0.14375071079267598,0.21448879790742637,0.34845900147844877,0.23211645627203456
2015,7,Horta-Guinardó,35,el Guinardó,35659,44.601951821419554,0.14725595221402732,0.22277685857707732,0.3436159174401974,0.2277124989483721
2015,7,Horta-Guinardó,36,la Font d'en Fargues,9336,44.35507712082262,0.17170094258783206,0.174057412167952,0.3648243359040274,0.22847043701799485
2015,7,Horta-Guinardó,37,el Carmel,31362,43.74625342771507,0.15639946431987756,0.21975639308717557,0.3355653338435049,0.22546393724889993
2015,7,Horta-Guinardó,38,la Teixonera,11340,44.0379188712522,0.14973544973544972,0.21904761904761905,0.3529982363315697,0.21772486772486774
2015,7,Horta-Guinardó,39,Sant Genís dels Agudells,6699,46.90685176892073,0.14166293476638303,0.18360949395432155,0.3340797133900582,0.2804896253172115
2015,7,Horta-Guinardó,40,Montbau,5012,49.140263367917,0.1402633679169992,0.1727853152434158,0.31963288108539506,0.3182362330407023
2015,7,Horta-Guinardó,41,la Vall d'Hebron,5443,46.32426970420724,0.15157082491273194,0.16130810214954988,0.3615653132463715,0.2643762630902076
2015,7,Horta-Guinardó,42,la Clota,246,36.71544715447155,0.11382113821138211,0.4959349593495935,0.34959349593495936,0.04065040650406504
2015,7,Horta-Guinardó,43,Horta,26417,45.79842525646364,0.14608017564447137,0.19188401408184125,0.3459514706439035,0.25377597759018816
2015,8,Nou Barris,44,Vilapicina i la Torre Llobeta,25256,45.609914475768136,0.14257998099461514,0.20141748495407033,0.3505701615457713,0.24303135888501742
2015,8,Nou Barris,45,Porta,24229,45.8696190515498,0.14206116637087787,0.20859300837838954,0.333071938585992,0.2603491683519749
2015,8,Nou Barris,46,el Turó de la Peira,15286,45.069671594923456,0.1575951851367264,0.20665968860395134,0.3230406908282088,0.24414496925291115
2015,8,Nou Barris,47,Can Peguera,2239,44.0830728003573,0.16167932112550246,0.19071013845466725,0.34613666815542654,0.22286735149620365
2015,8,Nou Barris,48,la Guineueta,15069,46.973389076912866,0.14858318402017387,0.17293781936425776,0.33339969473754066,0.28840666268498244
2015,8,Nou Barris,49,Canyelles,6938,46.32905736523494,0.1405304122225425,0.17699625252234072,0.3750360334390314,0.24632458921879505
2015,8,Nou Barris,50,les Roquetes,15342,41.05820623126059,0.17611784643462391,0.23458479989571113,0.33092165297875115,0.18335288749837048
2015,8,Nou Barris,51,Verdun,12171,43.87856379919481,0.15734122093500943,0.21847013392490347,0.3295538575301947,0.2301372114041574
2015,8,Nou Barris,52,la Prosperitat,25897,45.136502297563425,0.15160057149476774,0.20801637255280533,0.3237054485075491,0.25528053442483684
2015,8,Nou Barris,53,la Trinitat Nova,7314,42.827590921520375,0.1733661471151217,0.21055509980858628,0.3475526387749521,0.19783975936560022
2015,8,Nou Barris,54,Torre Baró,2695,37.250463821892396,0.22782931354359925,0.22634508348794063,0.34545454545454546,0.11799628942486086
2015,8,Nou Barris,55,Ciutat Meridiana,10218,39.93981209630065,0.19201409277745154,0.23311802701115678,0.31248776668623995,0.18095517713838324
2015,8,Nou Barris,56,Vallbona,1202,37.71547420965058,0.23044925124792012,0.24958402662229617,0.3319467554076539,0.12562396006655574
2015,9,Sant Andreu,57,la Trinitat Vella,10039,38.85914931766112,0.19693196533519275,0.24643888833549157,0.3243350931367666,0.15011455324235481
2015,9,Sant Andreu,58,Baró de Viver,2448,39.95669934640523,0.20669934640522875,0.21691176470588236,0.3464052287581699,0.1556372549019608
2015,9,Sant Andreu,59,el Bon Pastor,12486,40.36368732980939,0.20623097869613968,0.2182444337658177,0.3382988947621336,0.1782796732340221
2015,9,Sant Andreu,60,Sant Andreu,56321,43.950764368530386,0.15816480531240568,0.21096926546048544,0.36297295857672984,0.21096926546048544
2015,9,Sant Andreu,61,la Sagrera,28796,44.78024725656341,0.1421030698708154,0.21860675093763024,0.3548756771773858,0.22253090707042644
2015,9,Sant Andreu,62,el Congrés i els Indians,13995,45.24994640943194,0.15226866738120756,0.20364415862808147,0.34169346195069666,0.23922829581993568
2015,9,Sant Andreu,63,Navas,21922,45.40571115774108,0.14068059483623757,0.21010856673661163,0.34672931301888515,0.24016969254630052
2015,10,Sant Martí,64,el Camp de l'Arpa del Clot,38102,45.01753188808986,0.13230276625898904,0.23896383391947928,0.34326282084929927,0.22825573460710724
2015,10,Sant Martí,65,el Clot,26870,43.20971343505769,0.15519166356531447,0.2200223297357648,0.372646073688128,0.18779307778191293
2015,10,Sant Martí,66,el Parc i la Llacuna del Poblenou,14646,42.59647685374846,0.14195002048340843,0.2696299330875324,0.340024580090127,0.18318994947425918
2015,10,Sant Martí,67,la Vila Olímpica del Poblenou,9231,38.71010724731882,0.21449463763405915,0.18329541761455964,0.4143646408839779,0.10800563319250352
2015,10,Sant Martí,68,el Poblenou,33358,41.05180166676659,0.18334432519935248,0.2417411115774327,0.35910426284549435,0.16559745788116795
2015,10,Sant Martí,69,Diagonal Mar i el Front Marítim del Poblenou,13230,38.465003779289496,0.22131519274376418,0.24482237339380197,0.3573696145124717,0.13854875283446713
2015,10,Sant Martí,70,el Besòs i el Maresme,22698,41.80324257643845,0.17076394395982025,0.2331482950039651,0.3405586395277117,0.1805885981143713
2015,10,Sant Martí,71,Provençals del Poblenou,20074,42.00916608548371,0.16254857028992728,0.23214107801135797,0.3622596393344625,0.1751021221480522
2015,10,Sant Martí,72,Sant Martí de Provençals,25881,46.03944978942081,0.1452416830879796,0.19435106835130017,0.34422935744368455,0.2589544453460067
2015,10,Sant Martí,73,la Verneda i la Pau,28619,46.003144763967995,0.14567245536182258,0.19249449666305601,0.3387609629966106,0.2615744784933086
2016,1,Ciutat Vella,1,el Raval,46871,38.523479336903414,0.148023297988095,0.3289027330332188,0.3247423780162574,0.11738601694011222
2016,1,Ciutat Vella,2,el Barri Gòtic,15560,40.51947300771208,0.09710796915167096,0.36696658097686374,0.3212082262210797,0.13431876606683804
2016,1,Ciutat Vella,3,la Barceloneta,14954,43.08104854888324,0.10177878828407115,0.3213855824528554,0.3199144041727966,0.18670589808746824
2016,1,Ciutat Vella,4,"Sant Pere, Santa Caterina i la Ribera",22269,40.58884548026404,0.11540706812160402,0.3514751448201536,0.3182899995509453,0.1444160043109255
2016,2,Eixample,5,el Fort Pienc,31637,44.14969813825584,0.1383190568005816,0.2482852356418118,0.33682081107563927,0.21421120839523342
2016,2,Eixample,6,la Sagrada Família,51260,45.171186110027314,0.1258876316816231,0.2446547015216543,0.344206008583691,0.22362465860319938
2016,2,Eixample,7,la Dreta de l'Eixample,43282,43.865394390277714,0.14361628390554965,0.24083914791368236,0.34166628159512036,0.20840072085393466
2016,2,Eixample,8,l'Antiga Esquerra de l'Eixample,41718,44.381921472745574,0.1315019895488758,0.2516659475526152,0.33604199626060693,0.21578215638333573
2016,2,Eixample,9,la Nova Esquerra de l'Eixample,57559,45.07062318664327,0.12687850727080038,0.24169982105318022,0.33975572890425476,0.22766205111277124
2016,2,Eixample,10,Sant Antoni,38129,45.070418841301894,0.12520653570772902,0.25219649085997536,0.3377219439271945,0.2254714259487529
2016,3,Sants-Montjuïc,11,el Poble-sec,40023,42.150313569697424,0.13827049446568224,0.2837118656772356,0.3443270119681183,0.17182619993503737
2016,3,Sants-Montjuïc,12,la Marina del Prat Vermell,966,42.12939958592133,0.12629399585921325,0.26811594202898553,0.39544513457556935,0.13768115942028986
2016,3,Sants-Montjuïc,13,la Marina de Port,30302,42.881558973005085,0.16853673024882845,0.19632367500495015,0.3670384793082965,0.1948716256352716
2016,3,Sants-Montjuïc,14,la Font de la Guatlla,10305,44.85967976710335,0.12896652110625909,0.24172731683648715,0.3470160116448326,0.2205725376031053
2016,3,Sants-Montjuïc,15,Hostafrancs,15886,43.314742540601785,0.12929623567921442,0.2723781946367871,0.34552436107264256,0.19092282512904443
2016,3,Sants-Montjuïc,16,la Bordeta,18470,44.94569572279372,0.13974011911207362,0.21580942068218734,0.36285868976719005,0.22051976177585272
2016,3,Sants-Montjuïc,17,Sants - Badal,23903,44.87696105091411,0.13002551980922897,0.23269045726477847,0.3529264109107643,0.21905200184077311
2016,3,Sants-Montjuïc,18,Sants,40699,44.33025381459004,0.13422934224428118,0.2464679721860488,0.3465195705054178,0.2123885107742205
2016,4,Les Corts,19,les Corts,45677,45.721019331392164,0.1412308163846137,0.2032313855988791,0.3424480591982836,0.25023534820588045
2016,4,Les Corts,20,la Maternitat i Sant Ramon,23792,45.628446536650976,0.14202252858103565,0.21065904505716207,0.3308675184936113,0.253866845998655
2016,4,Les Corts,21,Pedralbes,11779,43.762203922234484,0.19161219118770695,0.16223788097461583,0.3316070973766873,0.24017318957466677
2016,5,Sarrià-Sant Gervasi,22,"Vallvidrera, el Tibidabo i les Planes",4486,38.70396790013375,0.23316986179224253,0.18279090503789566,0.3932233615693268,0.12617030762371823
2016,5,Sarrià-Sant Gervasi,23,Sarrià,24651,41.89980122510243,0.2141089610969129,0.17244736521844956,0.33438805727962356,0.20725325544602652
2016,5,Sarrià-Sant Gervasi,24,les Tres Torres,16388,41.57511593849158,0.21595069563094949,0.158164510617525,0.33402489626556015,0.20673663656333902
2016,5,Sarrià-Sant Gervasi,25,Sant Gervasi - la Bonanova,25668,42.9327177808945,0.18973040361539661,0.17477014181081502,0.3345800218170485,0.21976780426990805
2016,5,Sarrià-Sant Gervasi,26,Sant Gervasi - Galvany,47014,43.593270089760495,0.18024418258391117,0.18037180414344664,0.33809078146934957,0.22399710724465052
2016,5,Sarrià-Sant Gervasi,27,el Putxet i el Farró,29261,43.014968729708485,0.1698848296367178,0.21226205529544445,0.33720652062472234,0.20949386555483407
2016,6,Gràcia,28,Vallcarca i els Penitents,15491,44.0804983538829,0.15970563553030792,0.20954102382028275,0.3444580724291524,0.22606674843457492
2016,6,Gràcia,29,el Coll,7361,43.16016845537291,0.15527781551419645,0.21994294253498167,0.35579404972150525,0.201874745279174
2016,6,Gràcia,30,la Salut,13075,45.085506692160614,0.14676864244741875,0.22049713193116635,0.32665391969407265,0.24489483747609941
2016,6,Gràcia,31,la Vila de Gràcia,50388,42.94889656267365,0.1355481463840597,0.29118043978725094,0.32741922680003177,0.19075970469159323
2016,6,Gràcia,32,el Camp d'en Grassot i Gràcia Nova,34191,45.248398701412654,0.13497704074171565,0.23187388494048142,0.3379251849902021,0.23552981778830687
2016,7,Horta-Guinardó,33,el Baix Guinardó,25524,46.04685785926971,0.13152327221438645,0.21940134775113618,0.34540040745964584,0.2433396019432691
2016,7,Horta-Guinardó,34,Can Baró,8945,45.03286752375629,0.1426495248742314,0.21587479038569032,0.35114589155953047,0.2306316377864729
2016,7,Horta-Guinardó,35,el Guinardó,36047,44.5410436374733,0.14880572585790774,0.21838155741115767,0.348128831802924,0.22517823952062585
2016,7,Horta-Guinardó,36,la Font d'en Fargues,9348,44.44169875909285,0.17222935387248609,0.16827128797603766,0.363714163457424,0.23234916559691912
2016,7,Horta-Guinardó,37,el Carmel,31296,43.977249488752555,0.15455649284253578,0.2119120654396728,0.3425996932515337,0.22654652351738241
2016,7,Horta-Guinardó,38,la Teixonera,11267,44.28374900150883,0.14822046685009319,0.20830744652525074,0.356439158604775,0.22108813348717493
2016,7,Horta-Guinardó,39,Sant Genís dels Agudells,6673,46.88760677356511,0.14266446875468305,0.18597332534092612,0.3365802487636745,0.27543833358309605
2016,7,Horta-Guinardó,40,Montbau,5029,49.15032809703718,0.13521574865778485,0.16623583217339433,0.33187512427918076,0.30940544839928413
2016,7,Horta-Guinardó,41,la Vall d'Hebron,5661,45.948242360007065,0.15403638933050698,0.1674615792262851,0.3623034799505388,0.2566684331390214
2016,7,Horta-Guinardó,42,la Clota,310,34.42580645161291,0.12903225806451613,0.5096774193548387,0.34516129032258064,0.016129032258064516
2016,7,Horta-Guinardó,43,Horta,26544,45.93433544303797,0.1481314044605184,0.18557866184448463,0.3500602772754671,0.254746835443038
2016,8,Nou Barris,44,Vilapicina i la Torre Llobeta,25364,45.80886295536982,0.14256426431162278,0.19366030594543449,0.3553067339536351,0.24522945907585555
2016,8,Nou Barris,45,Porta,24505,45.792981024280756,0.1430728422770863,0.20420322383187103,0.33935931442562745,0.25558049377678027
2016,8,Nou Barris,46,el Turó de la Peira,15297,44.92848270902791,0.15774334836896123,0.2039615610904099,0.3326142380858992,0.2356671242727332
2016,8,Nou Barris,47,Can Peguera,2211,43.999547715965626,0.16417910447761194,0.18815015829941203,0.35549525101763907,0.21528720036182722
2016,8,Nou Barris,48,la Guineueta,15020,47.13535286284954,0.14886817576564582,0.16731025299600533,0.3384154460719041,0.2884820239680426
2016,8,Nou Barris,49,Canyelles,6919,46.91458303223009,0.1375921375921376,0.16982222864575805,0.37606590547767016,0.2571180806474924
2016,8,Nou Barris,50,les Roquetes,15350,41.18032573289902,0.17641693811074918,0.22899022801302932,0.3362214983713355,0.18188925081433224
2016,8,Nou Barris,51,Verdun,12202,43.95443369939354,0.1556302245533519,0.2153745287657761,0.3352729060809703,0.2272578265858056
2016,8,Nou Barris,52,la Prosperitat,26101,45.31680778514233,0.15202482663499484,0.20229109995785602,0.3280717213899851,0.25696333473813265
2016,8,Nou Barris,53,la Trinitat Nova,7233,42.629337757500345,0.173372044794691,0.21000967786533942,0.35379510576524265,0.1902391815291027
2016,8,Nou Barris,54,Torre Baró,2754,37.084241103848946,0.22657952069716775,0.22076978939724037,0.35039941902687,0.11474219317356572
2016,8,Nou Barris,55,Ciutat Meridiana,10022,40.31201357014568,0.19217721013769706,0.22191179405308323,0.32119337457593294,0.18419477150269406
2016,8,Nou Barris,56,Vallbona,1217,37.72308956450288,0.23582580115036977,0.22267871815940837,0.3599013968775678,0.11668036154478226
2016,9,Sant Andreu,57,la Trinitat Vella,10025,39.12069825436409,0.19640897755610973,0.23850374064837906,0.3309725685785536,0.15211970074812967
2016,9,Sant Andreu,58,Baró de Viver,2477,39.704884941461444,0.20831651190956801,0.2111425111021397,0.35324989907145743,0.1485668146951958
2016,9,Sant Andreu,59,el Bon Pastor,12501,40.421406287497,0.2066234701223902,0.20302375809935205,0.3541316694664427,0.17414606831453483
2016,9,Sant Andreu,60,Sant Andreu,56530,44.08400849106669,0.15940208738722803,0.20295418361931716,0.3670971165752698,0.21323191225897753
2016,9,Sant Andreu,61,la Sagrera,28713,45.09041200849789,0.14153867586110822,0.21265628809250164,0.3538466896527705,0.22961724654337756
2016,9,Sant Andreu,62,el Congrés i els Indians,14004,45.382176520994,0.1514567266495287,0.19844330191373893,0.3499714367323622,0.23686089688660383
2016,9,Sant Andreu,63,Navas,22069,45.44406180615343,0.14259821469028955,0.20476686755176945,0.3499932031356201,0.24088087362363497
2016,10,Sant Martí,64,el Camp de l'Arpa del Clot,38055,45.15561687031928,0.13125739061884115,0.23379319406122717,0.34592037839968465,0.23066614111154907
2016,10,Sant Martí,65,el Clot,26866,43.48112856398422,0.15305590709446884,0.21458348842403038,0.3744137571651902,0.19210154098116577
2016,10,Sant Martí,66,el Parc i la Llacuna del Poblenou,14783,42.59372251910979,0.1430697422715281,0.26280186700940267,0.3449908678887912,0.1831157410539133
2016,10,Sant Martí,67,la Vila Olímpica del Poblenou,9255,39.226472177201515,0.20669908157752567,0.17676931388438683,0.4138303619665046,0.11647757968665585
2016,10,Sant Martí,68,el Poblenou,33538,41.130478859800824,0.18468602778937324,0.23254219094758186,0.3700578448327271,0.1626215039656509
2016,10,Sant Martí,69,Diagonal Mar i el Front Marítim del Poblenou,13291,38.73831916334362,0.22398615604544428,0.22684523361673312,0.3667143179595215,0.14167481754570763
2016,10,Sant Martí,70,el Besòs i el Maresme,22627,41.94480045962788,0.17121138462898308,0.22862067441552128,0.34622353825076235,0.17947584743890044
2016,10,Sant Martí,71,Provençals del Poblenou,20296,42.03779069767442,0.16486007094994087,0.2281730390224675,0.3666239653133622,0.17436933385888845
2016,10,Sant Martí,72,Sant Martí de Provençals,25940,45.96349267540478,0.14637625289128758,0.18959136468774093,0.34861218195836546,0.2559367771781033
2016,10,Sant Martí,73,la Verneda i la Pau,28582,46.17161150374361,0.14565110908963683,0.18445175285144497,0.34364285214470647,0.26334756140228116
2017,1,Ciutat Vella,1,el Raval,47561,38.29442190029646,0.1511953070793297,0.33102752254998846,0.32387880826727783,0.11391686465801812
2017,1,Ciutat Vella,2,el Barri Gòtic,16085,40.168355610817535,0.09829033260801989,0.36990985390115017,0.32017407522536523,0.12974821262045383
2017,1,Ciutat Vella,3,la Barceloneta,14990,42.76577718478986,0.0990660440293529,0.3326217478318879,0.3180120080053369,0.1798532354903269
2017,1,Ciutat Vella,4,"Sant Pere, Santa Caterina i la Ribera",22824,40.25963897651595,0.11820890290921837,0.35480196284612686,0.31725376796354715,0.13866982124079916
2017,2,Eixample,5,el Fort Pienc,32082,43.979614737235835,0.1375849385948507,0.2503584564553332,0.33598279409014403,0.2105542048500717
2017,2,Eixample,6,la Sagrada Família,51570,45.08217956176071,0.1259840992825286,0.24320341283692068,0.3449292224161334,0.2226100445995734
2017,2,Eixample,7,la Dreta de l'Eixample,43855,43.790696613841064,0.14340440086649184,0.24004104435070117,0.34196784859195073,0.2071371565385931
2017,2,Eixample,8,l'Antiga Esquerra de l'Eixample,42275,44.15895919574216,0.13078651685393258,0.25835600236546424,0.3337196924896511,0.2118982850384388
2017,2,Eixample,9,la Nova Esquerra de l'Eixample,58184,44.98570053622989,0.12678743297126358,0.2448611302076172,0.33691392822769145,0.22789770383610614
2017,2,Eixample,10,Sant Antoni,38387,45.04293120066689,0.12410451454919634,0.25128298642769686,0.33907312371375725,0.22382577435069165
2017,3,Sants-Montjuïc,11,el Poble-sec,40267,41.98904810390643,0.13924553604688703,0.28214170412496586,0.34671070603720167,0.1681774157498696
2017,3,Sants-Montjuïc,12,la Marina del Prat Vermell,982,41.890020366598776,0.12830957230142567,0.26782077393075354,0.41140529531568226,0.12830957230142567
2017,3,Sants-Montjuïc,13,la Marina de Port,30527,43.05385396534216,0.16703246306548303,0.19196121466243,0.37163822190192286,0.19461460346578438
2017,3,Sants-Montjuïc,14,la Font de la Guatlla,10401,44.917604076531106,0.12883376598404,0.2401692144986059,0.34592827612729543,0.22238246322468994
2017,3,Sants-Montjuïc,15,Hostafrancs,15901,43.12187912709892,0.1318784982076599,0.26985724168291303,0.3448210804351928,0.18973649456009056
2017,3,Sants-Montjuïc,16,la Bordeta,18519,45.078027971272746,0.1396943679464334,0.2119444894432745,0.3648685134186511,0.22220422269021006
2017,3,Sants-Montjuïc,17,Sants - Badal,24017,44.94287379772661,0.13094891118790855,0.23254361493941791,0.3495440729483283,0.22317525086397136
2017,3,Sants-Montjuïc,18,Sants,41101,44.18495900343057,0.13809882971217247,0.24541981946911268,0.34614729568623637,0.21014087248485439
2017,4,Les Corts,19,les Corts,45806,45.77147098633367,0.14170632668209404,0.20503864122604026,0.33921320351045714,0.25208487971008164
2017,4,Les Corts,20,la Maternitat i Sant Ramon,23901,45.69595414417807,0.14250449771976068,0.20969833898163256,0.3272666415631145,0.2576042843395674
2017,4,Les Corts,21,Pedralbes,12036,43.41650049850448,0.19715852442671983,0.16159853772017282,0.3282652043868395,0.23703888334995016
2017,5,Sarrià-Sant Gervasi,22,"Vallvidrera, el Tibidabo i les Planes",4548,38.752418645558485,0.22845206684256816,0.1770008795074758,0.40435356200527706,0.12005277044854881
2017,5,Sarrià-Sant Gervasi,23,Sarrià,24926,41.786407766990294,0.21599935809997592,0.16885982508224345,0.3360747813528043,0.20508705769076466
2017,5,Sarrià-Sant Gervasi,24,les Tres Torres,16602,41.57908685700518,0.2134080231297434,0.15986025780026503,0.3318274906637754,0.20575834236838936
2017,5,Sarrià-Sant Gervasi,25,Sant Gervasi - la Bonanova,25789,42.713366163868315,0.19368723098995697,0.1728643995501958,0.33200201636356585,0.2181550273372368
2017,5,Sarrià-Sant Gervasi,26,Sant Gervasi - Galvany,47699,43.45013522296065,0.18117780246965345,0.1797941256630118,0.3385186272248894,0.22111574666135558
2017,5,Sarrià-Sant Gervasi,27,el Putxet i el Farró,29461,42.977970876752316,0.1717524863378704,0.20925969926343302,0.338990529853026,0.2085808356810699
2017,6,Gràcia,28,Vallcarca i els Penitents,15672,44.09328739152629,0.16271056661562022,0.20507912200102094,0.3479453802960694,0.2245405819295559
2017,6,Gràcia,29,el Coll,7394,43.05261022450636,0.1604003245875034,0.21720313767919935,0.3594806599945902,0.20029753854476604
2017,6,Gràcia,30,la Salut,13150,45.046996197718634,0.147680608365019,0.21946768060836502,0.3238022813688213,0.2467680608365019
2017,6,Gràcia,31,la Vila de Gràcia,50616,42.88527343132606,0.13566856330014224,0.2887426900584795,0.32995495495495497,0.18916943259048521
2017,6,Gràcia,32,el Camp d'en Grassot i Gràcia Nova,34334,45.137735189607966,0.13738568183142075,0.23055862992951592,0.33762451214539524,0.2351896079687773
2017,7,Horta-Guinardó,33,el Baix Guinardó,25673,46.0341993534063,0.13204533946169128,0.21738791726716783,0.34853737389475326,0.24255053947727184
2017,7,Horta-Guinardó,34,Can Baró,9003,44.99544596245696,0.1429523492169277,0.214595134955015,0.35321559480173276,0.22836832167055426
2017,7,Horta-Guinardó,35,el Guinardó,36407,44.4012140522427,0.15016343010959432,0.21405224270057957,0.3507567226082896,0.22278682670914934
2017,7,Horta-Guinardó,36,la Font d'en Fargues,9341,44.677764693287656,0.17300074938443422,0.16325875173964244,0.36677015308853445,0.23455732790921743
2017,7,Horta-Guinardó,37,el Carmel,31509,43.990510647751435,0.155955441302485,0.2069250055539687,0.3467898060871497,0.22536418166238217
2017,7,Horta-Guinardó,38,la Teixonera,11618,44.109399208125325,0.15097262867963504,0.20683422275778965,0.35720433809605784,0.217076949561026
2017,7,Horta-Guinardó,39,Sant Genís dels Agudells,6808,46.54347826086956,0.14688601645123384,0.1858108108108108,0.33695652173913043,0.26762632197414804
2017,7,Horta-Guinardó,40,Montbau,5095,49.08871442590775,0.1340529931305201,0.17055937193326792,0.33169774288518156,0.3042198233562316
2017,7,Horta-Guinardó,41,la Vall d'Hebron,5767,46.04508409918502,0.1501647303624068,0.1721865788104734,0.35928559042829894,0.25559216230275705
2017,7,Horta-Guinardó,42,la Clota,333,34.828828828828826,0.12912912912912913,0.46846846846846846,0.33933933933933935,0.03303303303303303
2017,7,Horta-Guinardó,43,Horta,26685,45.83518830803823,0.14963462619449128,0.18594716132658798,0.3524826681656361,0.2518268690275436
2017,8,Nou Barris,44,Vilapicina i la Torre Llobeta,25455,45.800549990178745,0.14476527204871342,0.18903948143783147,0.357729326262031,0.2451384796700059
2017,8,Nou Barris,45,Porta,24979,45.5338884663117,0.14816445814484167,0.1975259217742904,0.34352856399375475,0.2508106809720165
2017,8,Nou Barris,46,el Turó de la Peira,15428,44.68803474202748,0.15990407052113043,0.2049520352605652,0.33886440238527354,0.22647135079077002
2017,8,Nou Barris,47,Can Peguera,2227,44.38167938931298,0.16479568926807364,0.18275707229456667,0.3646160754378087,0.2173327346205658
2017,8,Nou Barris,48,la Guineueta,15201,46.935859482928755,0.15130583514242485,0.16551542661666996,0.3397144924676008,0.2840602591934741
2017,8,Nou Barris,49,Canyelles,6851,47.188585607940446,0.140563421398336,0.1650853889943074,0.3725003649102321,0.2634651875638593
2017,8,Nou Barris,50,les Roquetes,15571,41.16877528739323,0.17872968980797638,0.22612548969237686,0.33941301136728536,0.18007835078029671
2017,8,Nou Barris,51,Verdun,12300,43.97268292682927,0.15739837398373985,0.2108130081300813,0.34065040650406503,0.2252032520325203
2017,8,Nou Barris,52,la Prosperitat,26329,45.306658057655056,0.15298720042538647,0.19563978882600935,0.33362452049071367,0.25424436932659805
2017,8,Nou Barris,53,la Trinitat Nova,7250,42.487034482758624,0.17393103448275862,0.2073103448275862,0.35917241379310344,0.1849655172413793
2017,8,Nou Barris,54,Torre Baró,2821,37.25062034739454,0.2272243885147111,0.21871676710386387,0.3523573200992556,0.11627082594824531
2017,8,Nou Barris,55,Ciutat Meridiana,10337,40.06162329495985,0.19705910805843088,0.21582664215923383,0.3255296507690819,0.1786785334236239
2017,8,Nou Barris,56,Vallbona,1215,37.248559670781894,0.22798353909465022,0.22469135802469137,0.3736625514403292,0.1037037037037037
2017,9,Sant Andreu,57,la Trinitat Vella,9978,39.37873321306875,0.19452796151533375,0.23030667468430546,0.33974744437763077,0.15484064942874323
2017,9,Sant Andreu,58,Baró de Viver,2509,39.744121163810284,0.2064567556795536,0.20565962534874452,0.3559186927062575,0.15025906735751296
2017,9,Sant Andreu,59,el Bon Pastor,12492,40.59510086455332,0.20781300032020494,0.19212295869356388,0.3648735190521934,0.17331091898815243
2017,9,Sant Andreu,60,Sant Andreu,57082,44.20351424266844,0.16104901720332154,0.19654181703514242,0.36845240180792543,0.21700360884341824
2017,9,Sant Andreu,61,la Sagrera,29026,45.09160752428857,0.1441466271618549,0.20988079652725142,0.3533039344036381,0.232033349410873
2017,9,Sant Andreu,62,el Congrés i els Indians,14105,45.23268344558667,0.15164835164835164,0.1979439914923786,0.3556894718185041,0.2314073023750443
2017,9,Sant Andreu,63,Navas,22128,45.4613611713666,0.14244396240057844,0.1998825018076645,0.35597433116413596,0.23843094721619668
2017,10,Sant Martí,64,el Camp de l'Arpa del Clot,38183,45.170311395123484,0.13013644815755704,0.23424036875049106,0.34510122305738156,0.23099285022130267
2017,10,Sant Martí,65,el Clot,27029,43.55218469051759,0.15335380517222244,0.2136224055643938,0.3724518110177957,0.19390284509230826
2017,10,Sant Martí,66,el Parc i la Llacuna del Poblenou,15139,42.46231587291103,0.14479159785983223,0.2570843516744831,0.34731488209260847,0.18211242486293677
2017,10,Sant Martí,67,la Vila Olímpica del Poblenou,9309,39.52229025674079,0.20281448061016222,0.17552905790095608,0.4104629928026641,0.12310667096358363
2017,10,Sant Martí,68,el Poblenou,33845,41.18756093957749,0.1857586054070025,0.2233712512926577,0.37630373762741914,0.162121435958044
2017,10,Sant Martí,69,Diagonal Mar i el Front Marítim del Poblenou,13541,38.881249538438816,0.22546340742928883,0.21379514068384906,0.3777416734362307,0.1414961967358393
2017,10,Sant Martí,70,el Besòs i el Maresme,22911,41.91187639125311,0.17210073763694295,0.22844921653354283,0.3493954868840295,0.1763345118065558
2017,10,Sant Martí,71,Provençals del Poblenou,20438,42.235933065857715,0.16537821704667777,0.22213523828163226,0.3714649182894608,0.1766806928270868
2017,10,Sant Martí,72,Sant Martí de Provençals,26092,46.004944044151465,0.1464050283611835,0.18534416679441976,0.3522152383872451,0.2540242219837498
2017,10,Sant Martí,73,la Verneda i la Pau,28638,46.2831901669111,0.14609958796005307,0.18129757664641385,0.3475801382778127,0.2629373559606118
2018,1,Ciutat Vella,1,el Raval,47169,38.15667069473595,0.15141300430367402,0.3298988742606373,0.32652801628188005,0.11106871038181856
2018,1,Ciutat Vella,2,el Barri Gòtic,16869,39.81676447922224,0.09526350109668623,0.38277313415140196,0.32029165925662456,0.12093188689311755
2018,1,Ciutat Vella,3,la Barceloneta,14771,42.57430099519328,0.0977591226051046,0.33423600297880984,0.321305260307359,0.17351567260171957
2018,1,Ciutat Vella,4,"Sant Pere, Santa Caterina i la Ribera",22476,40.139793557572524,0.11914931482470191,0.347971169247197,0.32083110873820964,0.13699056771667556
2018,2,Eixample,5,el Fort Pienc,32100,43.96919003115265,0.137196261682243,0.24716510903426792,0.33738317757009345,0.21115264797507788
2018,2,Eixample,6,la Sagrada Família,51582,45.066651157380484,0.12438447520452871,0.24355395292931642,0.3436276220386957,0.22234500407118762
2018,2,Eixample,7,la Dreta de l'Eixample,43494,43.83308042488619,0.14162873039959534,0.23913643261139467,0.3425529958155148,0.2082126270290155
2018,2,Eixample,8,l'Antiga Esquerra de l'Eixample,42344,43.97980823729454,0.13014830908747402,0.26058001133572645,0.33244379368977894,0.2098998677498583
2018,2,Eixample,9,la Nova Esquerra de l'Eixample,58119,45.03014504723068,0.12644746124331113,0.24616734630671552,0.33383230957174076,0.23068187683889949
2018,2,Eixample,10,Sant Antoni,38271,45.03370698440072,0.12335711112853075,0.2513130046249118,0.34017924799456506,0.22322385095764416
2018,3,Sants-Montjuïc,11,el Poble-sec,39709,42.1185877257045,0.13709738346470574,0.2811453322924274,0.34951774156992116,0.1680979123120703
2018,3,Sants-Montjuïc,12,la Marina del Prat Vermell,960,42.08958333333333,0.12604166666666666,0.2833333333333333,0.4197916666666667,0.12291666666666666
2018,3,Sants-Montjuïc,13,la Marina de Port,30649,43.223922477079185,0.16692224868674346,0.1872165486639042,0.3736826650135404,0.19667852132206598
2018,3,Sants-Montjuïc,14,la Font de la Guatlla,10286,45.1648843087692,0.12424654870698036,0.2408127552012444,0.3464903752673537,0.22516041221077193
2018,3,Sants-Montjuïc,15,Hostafrancs,15926,43.01149064422956,0.13349240236091925,0.2705638578425217,0.34271003390681903,0.18925028255682533
2018,3,Sants-Montjuïc,16,la Bordeta,18788,45.1350329997871,0.14062167340855866,0.2178518203108367,0.3583138173302108,0.22429210134128166
2018,3,Sants-Montjuïc,17,Sants - Badal,23976,44.93176509843177,0.13042208875542208,0.23390056723390057,0.3486403069736403,0.22293126459793128
2018,3,Sants-Montjuïc,18,Sants,41228,44.092388667895605,0.13820704375667023,0.24308722227612303,0.34706995245949357,0.20917822838847386
2018,4,Les Corts,19,les Corts,45897,45.851994683748394,0.14382203629866877,0.20156001481578317,0.3372551582892128,0.2560515937860862
2018,4,Les Corts,20,la Maternitat i Sant Ramon,23914,45.74855733043405,0.14422514008530568,0.20619720665718827,0.3249142761562265,0.2618967968553985
2018,4,Les Corts,21,Pedralbes,11969,43.54064667056563,0.1969253905923636,0.15907761717770907,0.32918372462194,0.23761383574233436
2018,5,Sarrià-Sant Gervasi,22,"Vallvidrera, el Tibidabo i les Planes",4569,38.70409279929963,0.2278397898883782,0.16896476253009413,0.407091267235719,0.12147078135259357
2018,5,Sarrià-Sant Gervasi,23,Sarrià,24938,41.93347501804475,0.21573502285668458,0.1644879300665651,0.3381987328574866,0.20679284625872163
2018,5,Sarrià-Sant Gervasi,24,les Tres Torres,16612,41.60203467372983,0.21430291355646522,0.15904165663375872,0.33210931856489284,0.2061160606790272
2018,5,Sarrià-Sant Gervasi,25,Sant Gervasi - la Bonanova,25786,42.821375940432794,0.1941363530597999,0.16939424493911426,0.335453346777321,0.21794772357092995
2018,5,Sarrià-Sant Gervasi,26,Sant Gervasi - Galvany,47679,43.506910799303675,0.18110698630424296,0.1792822836049414,0.33979320036074584,0.2207051322385117
2018,5,Sarrià-Sant Gervasi,27,el Putxet i el Farró,29543,42.98642656466845,0.17188504891175574,0.20519243137122162,0.3378465287885455,0.21047287005381984
2018,6,Gràcia,28,Vallcarca i els Penitents,15847,43.95854104877895,0.16387959866220736,0.20388717107338927,0.34719505269136114,0.22180854420395027
2018,6,Gràcia,29,el Coll,7435,43.30504371217216,0.15763281775386684,0.21385339609952925,0.3620712844653665,0.2028244788164089
2018,6,Gràcia,30,la Salut,13231,45.05509787619983,0.15063109364371552,0.21948454387423474,0.32106416748545086,0.24775149270652255
2018,6,Gràcia,31,la Vila de Gràcia,50163,42.89464346231286,0.13591691087056196,0.2823794430157686,0.33576540478041583,0.18820644698283595
2018,6,Gràcia,32,el Camp d'en Grassot i Gràcia Nova,34570,45.08255713045994,0.1370552502169511,0.23176164304310096,0.3350014463407579,0.23601388487127567
2018,7,Horta-Guinardó,33,el Baix Guinardó,25737,46.22694952791701,0.1312507285231379,0.21641994016396626,0.34763181411974975,0.24548315654505187
2018,7,Horta-Guinardó,34,Can Baró,9061,44.77055512636574,0.1421476658205496,0.2216090939189935,0.34896810506566606,0.22624434389140272
2018,7,Horta-Guinardó,35,el Guinardó,36777,44.372461049025205,0.14897898142861027,0.2162220953313212,0.35098023221034885,0.22084454958261956
2018,7,Horta-Guinardó,36,la Font d'en Fargues,9404,44.7597830710336,0.16939600170140365,0.16173968524032326,0.36739685240323267,0.2345810293492131
2018,7,Horta-Guinardó,37,el Carmel,31781,44.08848053868664,0.15506120008810295,0.20575186432144993,0.3478808092885686,0.22519744501431674
2018,7,Horta-Guinardó,38,la Teixonera,11629,44.06389199415255,0.1493679594118153,0.20698254364089774,0.36168200189182215,0.21368991314816407
2018,7,Horta-Guinardó,39,Sant Genís dels Agudells,6988,46.13408700629651,0.1498282770463652,0.18846594161419578,0.33443045220377793,0.26144819690898685
2018,7,Horta-Guinardó,40,Montbau,5087,48.619225476705324,0.13544328680951445,0.17377629251032042,0.33634755258502064,0.29074110477688225
2018,7,Horta-Guinardó,41,la Vall d'Hebron,5721,46.44170599545534,0.1464778884810348,0.17304667016255898,0.3586785527005768,0.2593952106275127
2018,7,Horta-Guinardó,42,la Clota,384,35.815104166666664,0.12239583333333333,0.453125,0.3802083333333333,0.028645833333333332
2018,7,Horta-Guinardó,43,Horta,26803,45.75741521471477,0.15281871432302355,0.1852031489012424,0.35425138976980186,0.24941237921128231
2018,8,Nou Barris,44,Vilapicina i la Torre Llobeta,25492,45.8954573983995,0.14365291071708772,0.18970657461164286,0.3566609132276793,0.24572414875254983
2018,8,Nou Barris,45,Porta,25501,45.32088937688718,0.1495235480961531,0.1969334535900553,0.3475942119916866,0.24473550056860516
2018,8,Nou Barris,46,el Turó de la Peira,15547,44.15784395703351,0.16594841448510966,0.2046053901074162,0.34077313951244614,0.2174696082845565
2018,8,Nou Barris,47,Can Peguera,2221,44.07068887888339,0.16524088248536695,0.1859522737505628,0.3705538045925259,0.2089149031967582
2018,8,Nou Barris,48,la Guineueta,15254,47.079520125868626,0.1506490100957126,0.16146584502425593,0.3435164547004064,0.2835321882784843
2018,8,Nou Barris,49,Canyelles,6869,47.35172514194206,0.13975833454651332,0.16319697190275148,0.37021400494977436,0.2675789780171786
2018,8,Nou Barris,50,les Roquetes,15707,41.15719106131024,0.17890112688610174,0.22595021328070286,0.3370471764181575,0.18106576685554213
2018,8,Nou Barris,51,Verdun,12389,43.89692469125838,0.15675195738154815,0.20849140366454114,0.3455484704173057,0.2205989183953507
2018,8,Nou Barris,52,la Prosperitat,26495,45.13678052462729,0.15285903000566145,0.19350820909605587,0.3385167012643895,0.2488771466314399
2018,8,Nou Barris,53,la Trinitat Nova,7351,42.39763297510543,0.17453407699632703,0.20759080397224866,0.3604951707250714,0.1832403754591212
2018,8,Nou Barris,54,Torre Baró,2852,37.42531556802244,0.2261570827489481,0.21598877980364656,0.3632538569424965,0.11395511921458626
2018,8,Nou Barris,55,Ciutat Meridiana,10602,39.853801169590646,0.19647236370496132,0.21722316544048292,0.3265421618562535,0.1729862290133937
2018,8,Nou Barris,56,Vallbona,1268,37.284700315457414,0.2358044164037855,0.21766561514195584,0.3722397476340694,0.111198738170347
2018,9,Sant Andreu,57,la Trinitat Vella,10035,39.30184354758346,0.19850523168908818,0.21973094170403587,0.3464872944693573,0.15346287992027902
2018,9,Sant Andreu,58,Baró de Viver,2490,39.702409638554215,0.20281124497991967,0.21204819277108433,0.3642570281124498,0.14497991967871485
2018,9,Sant Andreu,59,el Bon Pastor,12661,40.51891635731775,0.20677671589921806,0.18545138614643394,0.3713766685095964,0.16886501856093517
2018,9,Sant Andreu,60,Sant Andreu,57527,44.31167973299494,0.16091574391155458,0.19269212717506562,0.37064335007909327,0.21887113876962122
2018,9,Sant Andreu,61,la Sagrera,29194,45.1986367061725,0.14311159827361786,0.20877577584435159,0.35130506268411316,0.2363841885318901
2018,9,Sant Andreu,62,el Congrés i els Indians,14168,45.123588368153584,0.1507622811970638,0.19741671372106154,0.3598955392433653,0.22699040090344438
2018,9,Sant Andreu,63,Navas,22126,45.5429811081985,0.14214046822742474,0.19994576516315646,0.35596131248305163,0.23885926059839102
2018,10,Sant Martí,64,el Camp de l'Arpa del Clot,38264,45.17133598160151,0.12991323437173322,0.23562617604014216,0.3431685134852603,0.231836713359816
2018,10,Sant Martí,65,el Clot,27001,43.66979000777749,0.15117958594126144,0.21080700714788342,0.36983815414243915,0.19851116625310175
2018,10,Sant Martí,66,el Parc i la Llacuna del Poblenou,15367,42.53087785514414,0.14765406390316912,0.2526843235504653,0.3432029673976703,0.18813040931866987
2018,10,Sant Martí,67,la Vila Olímpica del Poblenou,9219,40.08862132552338,0.19416422605488665,0.170083523158694,0.41056513721661786,0.1313591495823842
2018,10,Sant Martí,68,el Poblenou,33899,41.281217735036435,0.1866131744299242,0.21463759992920145,0.38461311543113363,0.1610371987374259
2018,10,Sant Martí,69,Diagonal Mar i el Front Marítim del Poblenou,13520,39.247263313609466,0.22292899408284023,0.207396449704142,0.38284023668639056,0.142603550295858
2018,10,Sant Martí,70,el Besòs i el Maresme,23567,41.57983621165189,0.17583909704247463,0.22586667798192386,0.35065982093605463,0.17193533330504518
2018,10,Sant Martí,71,Provençals del Poblenou,20543,42.337584578688606,0.16565253370977948,0.21827386457674147,0.3765759626150027,0.17655649126223044
2018,10,Sant Martí,72,Sant Martí de Provençals,26001,46.089573477943155,0.1453021037652398,0.18360832275681704,0.35690934964039844,0.2524902888350448
2018,10,Sant Martí,73,la Verneda i la Pau,28718,46.2067692736263,0.1470854516331221,0.17981753604011422,0.34814402117139076,0.2621700675534508
2019,1,Ciutat Vella,1,el Raval,47882,38.07629171713796,0.14844826866045696,0.3337371037132952,0.32669896829706363,0.10847500104423374
2019,1,Ciutat Vella,2,el Barri Gòtic,18987,38.98214567862222,0.08958761257702638,0.40343392847737924,0.3146363301206088,0.10565123505556433
2019,1,Ciutat Vella,3,la Barceloneta,15009,42.30954760477047,0.08981277899926711,0.35078952628422944,0.3194749816776601,0.16543407288959958
2019,1,Ciutat Vella,4,"Sant Pere, Santa Caterina i la Ribera",23049,39.95453164996312,0.11462536335632782,0.3543754609744457,0.31819167859777,0.13276064037485358
2019,2,Eixample,5,el Fort Pienc,32690,43.904282655246256,0.1356378097277455,0.2482104619149587,0.33823799327011317,0.2094218415417559
2019,2,Eixample,6,la Sagrada Família,51844,44.957487848159865,0.12238638993904791,0.2494984954864594,0.3405794305994908,0.22100918139032483
2019,2,Eixample,7,la Dreta de l'Eixample,43820,43.820561387494294,0.1388407120036513,0.24267457781834778,0.3413053400273848,0.20741670470104975
2019,2,Eixample,8,l'Antiga Esquerra de l'Eixample,42852,43.886959768505555,0.1272052646317558,0.26484178101372163,0.3330999719966396,0.20731821151871557
2019,2,Eixample,9,la Nova Esquerra de l'Eixample,58505,44.96651568242031,0.12499786343047603,0.24809845312366463,0.33221092214340653,0.23032219468421503
2019,2,Eixample,10,Sant Antoni,38523,44.86548295823275,0.12364042260467772,0.2520312540560185,0.34244477325234274,0.21973885730602497
2019,3,Sants-Montjuïc,11,el Poble-sec,40340,41.893629152206245,0.13552305404065443,0.28448190381755084,0.3494546355974219,0.16363411006445217
2019,3,Sants-Montjuïc,12,la Marina del Prat Vermell,1022,41.03620352250489,0.1350293542074364,0.28180039138943247,0.4060665362035225,0.11545988258317025
2019,3,Sants-Montjuïc,13,la Marina de Port,30992,43.33256969540527,0.16397780072276716,0.18662880743417656,0.37748451213216316,0.1949535363964894
2019,3,Sants-Montjuïc,14,la Font de la Guatlla,10354,45.34798145644196,0.11831176356963492,0.24232180799690942,0.34537376859184854,0.2275449101796407
2019,3,Sants-Montjuïc,15,Hostafrancs,16123,43.04093530980587,0.1310550145754512,0.2732742045525026,0.34236804564907275,0.18991502822055448
2019,3,Sants-Montjuïc,16,la Bordeta,19399,44.899737099850505,0.14057425640496932,0.22016598793752254,0.35805969379864944,0.22047528223104285
2019,3,Sants-Montjuïc,17,Sants - Badal,24442,44.78508305375992,0.13149496767858604,0.23410522870468864,0.34837574666557564,0.22117666312085754
2019,3,Sants-Montjuïc,18,Sants,42155,43.904993476455935,0.13507294508361997,0.24822678211362828,0.3449887320602538,0.2059542165816629
2019,4,Les Corts,19,les Corts,46324,45.83608928417235,0.14221569812624127,0.20268111562041274,0.33388740177877557,0.2578145237889647
2019,4,Les Corts,20,la Maternitat i Sant Ramon,23931,45.89578371150391,0.14449876728929004,0.20354352095608208,0.32668923154067947,0.2630479294638753
2019,4,Les Corts,21,Pedralbes,11922,43.70978023821507,0.19543700721355478,0.15442039926186882,0.328887770508304,0.2403959067270592
2019,5,Sarrià-Sant Gervasi,22,"Vallvidrera, el Tibidabo i les Planes",4584,39.11932809773124,0.22360383944153578,0.1618673647469459,0.41339441535776617,0.12390924956369982
2019,5,Sarrià-Sant Gervasi,23,Sarrià,24958,42.158386088628895,0.21279749979966345,0.16247295456366695,0.33784758394102093,0.2103533937014184
2019,5,Sarrià-Sant Gervasi,24,les Tres Torres,16597,42.004639392661325,0.20937518828703983,0.156534313430138,0.3373501235162981,0.20738687714647225
2019,5,Sarrià-Sant Gervasi,25,Sant Gervasi - la Bonanova,26016,42.95921740467405,0.1937269372693727,0.17208640836408365,0.3327183271832718,0.21959563345633457
2019,5,Sarrià-Sant Gervasi,26,Sant Gervasi - Galvany,47854,43.52457474819242,0.17998495423580055,0.1787311405525139,0.34015965227567185,0.21950098215405192
2019,5,Sarrià-Sant Gervasi,27,el Putxet i el Farró,29715,43.04250378596668,0.17072185764765271,0.20689887262325424,0.3369342083123002,0.21063435975096753
2019,6,Gràcia,28,Vallcarca i els Penitents,15978,43.95086994617599,0.16291150331706095,0.20547002127925898,0.3494805357366379,0.2203655025660283
2019,6,Gràcia,29,el Coll,7495,43.41561040693796,0.15503669112741827,0.21160773849232822,0.3667778519012675,0.2018679119412942
2019,6,Gràcia,30,la Salut,13397,44.83429125923714,0.15421362991714563,0.2171381652608793,0.3238784802567739,0.24483093229827574
2019,6,Gràcia,31,la Vila de Gràcia,50500,42.666217821782176,0.1362772277227723,0.28308910891089106,0.3362574257425743,0.18516831683168317
2019,6,Gràcia,32,el Camp d'en Grassot i Gràcia Nova,35112,44.93025176577808,0.13696172248803828,0.23527568922305764,0.3348427887901572,0.23291182501708818
2019,7,Horta-Guinardó,33,el Baix Guinardó,25948,46.20248188685063,0.13080006166178512,0.21739633112378604,0.34565284414983816,0.24525975026977032
2019,7,Horta-Guinardó,34,Can Baró,9222,44.40338321405335,0.14487096074604208,0.22598134894816743,0.3484059856864021,0.21904142268488397
2019,7,Horta-Guinardó,35,el Guinardó,37098,44.39837727101192,0.14744730174133377,0.21453986737829533,0.3565690872823333,0.21874494581918164
2019,7,Horta-Guinardó,36,la Font d'en Fargues,9447,44.75971207790833,0.17127130305917224,0.15994495607071027,0.3679474965597544,0.23605377368476765
2019,7,Horta-Guinardó,37,el Carmel,32119,44.04582957128179,0.1542389240013699,0.20620193654846042,0.35001089697686727,0.22232946231202716
2019,7,Horta-Guinardó,38,la Teixonera,11771,44.0310933650497,0.14858550675388668,0.20261660011893637,0.3669186984963045,0.21119700959986407
2019,7,Horta-Guinardó,39,Sant Genís dels Agudells,7233,45.49440066362505,0.15387805889672335,0.19742845292409789,0.3280796350062215,0.25176275404396514
2019,7,Horta-Guinardó,40,Montbau,5113,47.85781341678076,0.13768824564834736,0.18638763935067476,0.33659299823978095,0.27478975161353414
2019,7,Horta-Guinardó,41,la Vall d'Hebron,5790,46.8006908462867,0.14525043177892918,0.16839378238341968,0.3550949913644214,0.26753022452504316
2019,7,Horta-Guinardó,42,la Clota,437,35.59267734553776,0.14416475972540047,0.37299771167048057,0.39816933638443935,0.02517162471395881
2019,7,Horta-Guinardó,43,Horta,27429,45.53775201429144,0.15374238944183163,0.1880126873017609,0.3516351307010828,0.24463159429800577
2019,8,Nou Barris,44,Vilapicina i la Torre Llobeta,25748,45.82324840764331,0.14424421314276836,0.18669411216405157,0.35932887991300294,0.2435140593444151
2019,8,Nou Barris,45,Porta,26487,44.98365235776041,0.14705327141616642,0.20111752935402272,0.35255030769811607,0.23437912938422623
2019,8,Nou Barris,46,el Turó de la Peira,15758,43.94878791724838,0.1658205356009646,0.20973473791090239,0.34769640817362607,0.208148242162711
2019,8,Nou Barris,47,Can Peguera,2240,43.738392857142856,0.16919642857142858,0.1888392857142857,0.3651785714285714,0.20669642857142856
2019,8,Nou Barris,48,la Guineueta,15363,47.168326498730714,0.14938488576449913,0.15778168326498732,0.3466770812992254,0.28282236542341993
2019,8,Nou Barris,49,Canyelles,6864,47.52491258741259,0.13927738927738928,0.1558857808857809,0.3677156177156177,0.2760780885780886
2019,8,Nou Barris,50,les Roquetes,16177,40.942263707733204,0.18136860975458985,0.2258762440501947,0.3393707115039871,0.17611423626135872
2019,8,Nou Barris,51,Verdun,12539,43.63059255124013,0.1564718079591674,0.21062285668713612,0.3485923917377781,0.212297631390063
2019,8,Nou Barris,52,la Prosperitat,26762,45.11135191689709,0.1515955459233241,0.1941185262685898,0.3420147971003662,0.24448845377774456
2019,8,Nou Barris,53,la Trinitat Nova,7607,41.90009202050743,0.17681083212830287,0.2100696726699093,0.36085184698304196,0.17536479558301565
2019,8,Nou Barris,54,Torre Baró,2884,37.63522884882108,0.21983356449375868,0.20561719833564493,0.3710124826629681,0.1144244105409154
2019,8,Nou Barris,55,Ciutat Meridiana,10851,39.760206432586855,0.19712468896875865,0.21905815132245876,0.3255921113261451,0.17058335637268454
2019,8,Nou Barris,56,Vallbona,1287,38.5027195027195,0.22921522921522922,0.1926961926961927,0.39704739704739705,0.12121212121212122
2019,9,Sant Andreu,57,la Trinitat Vella,10307,39.12011254487242,0.19986416998156592,0.2193654797710294,0.34888910449209276,0.14824876297661782
2019,9,Sant Andreu,58,Baró de Viver,2554,39.967110415035236,0.20007830853563038,0.20595144870790916,0.370399373531715,0.14526233359436178
2019,9,Sant Andreu,59,el Bon Pastor,13048,40.50651440833844,0.20554874310239118,0.18546903740036788,0.37162783568362967,0.16646229307173513
2019,9,Sant Andreu,60,Sant Andreu,57800,44.45650519031142,0.1594636678200692,0.18801038062283737,0.3743944636678201,0.22005190311418685
2019,9,Sant Andreu,61,la Sagrera,29376,45.28833061002179,0.1417483660130719,0.20669934640522875,0.350864651416122,0.2400599128540305
2019,9,Sant Andreu,62,el Congrés i els Indians,14525,44.82003442340792,0.14864027538726335,0.20137693631669534,0.3650946643717728,0.2172117039586919
2019,9,Sant Andreu,63,Navas,22238,45.53943699973019,0.1392211529813832,0.20051263602841982,0.3559672632430974,0.23783613634319634
2019,10,Sant Martí,64,el Camp de l'Arpa del Clot,38838,45.04395179978372,0.12925485349400073,0.2375766002368814,0.34255110973788555,0.23000669447448374
2019,10,Sant Martí,65,el Clot,27144,43.80083996463307,0.14924108458591218,0.21087533156498675,0.36818449749484233,0.20162835249042146
2019,10,Sant Martí,66,el Parc i la Llacuna del Poblenou,15652,42.83970099667774,0.1452210580117557,0.24916943521594684,0.345131612573473,0.19384104267825197
2019,10,Sant Martí,67,la Vila Olímpica del Poblenou,9252,40.68849978383052,0.18266320795503674,0.16861219195849547,0.41072200605274534,0.14061824470384782
2019,10,Sant Martí,68,el Poblenou,34078,41.411291742473146,0.18313868184752627,0.21441986032044133,0.3858794530195434,0.16118903691531195
2019,10,Sant Martí,69,Diagonal Mar i el Front Marítim del Poblenou,13504,39.6926836492891,0.2180835308056872,0.19949644549763032,0.3902547393364929,0.14447571090047392
2019,10,Sant Martí,70,el Besòs i el Maresme,24732,41.18312307941129,0.17564289180009704,0.2328966521106259,0.34744460617823064,0.1660601649684619
2019,10,Sant Martí,71,Provençals del Poblenou,21022,42.26272476453239,0.16725335362953098,0.21420416706307677,0.3771287222909333,0.17690990391018932
2019,10,Sant Martí,72,Sant Martí de Provençals,26080,46.23496932515337,0.14355828220858896,0.18328220858895705,0.3603144171779141,0.2516104294478528
2019,10,Sant Martí,73,la Verneda i la Pau,28779,46.277216025574205,0.14614823308662567,0.17974912262413564,0.3497689287327565,0.2602939643490045
2020,1,Ciutat Vella,1,el Raval,47842,37.9141967309059,0.15172860666360102,0.3311107395175787,0.3256552819698173,0.10680991597341248
2020,1,Ciutat Vella,2,el Barri Gòtic,21501,38.29110273940747,0.08115901585972746,0.4227710339053998,0.302869633970513,0.09367006185758801
2020,1,Ciutat Vella,3,la Barceloneta,14953,42.17889386745135,0.08707282819501104,0.35337390490202636,0.3173945027753628,0.1639135959339263
2020,1,Ciutat Vella,4,"Sant Pere, Santa Caterina i la Ribera",23137,39.93443402342568,0.11332497730907205,0.3538920344037689,0.3171543415308813,0.13195314863638327
2020,2,Eixample,5,el Fort Pienc,33416,43.72932128321762,0.13248144601388556,0.2546085707445535,0.33603662915968396,0.20666746468757483
2020,2,Eixample,6,la Sagrada Família,52174,44.90355349407751,0.12149729750450416,0.2535745773757044,0.33771610380649364,0.22101046498255836
2020,2,Eixample,7,la Dreta de l'Eixample,43935,43.78793672470695,0.13601911915329465,0.2468874473654262,0.3368157505405713,0.2080573574598839
2020,2,Eixample,8,l'Antiga Esquerra de l'Eixample,42972,43.88255142883738,0.12340593875081449,0.27066461882155823,0.33100623661919387,0.20543609792422973
2020,2,Eixample,9,la Nova Esquerra de l'Eixample,58501,45.05805028973864,0.12321156903300798,0.25129484966068955,0.32917386027589274,0.23179090955710158
2020,2,Eixample,10,Sant Antoni,38861,44.7533259566146,0.12212758292375389,0.2556547695633154,0.3401868196906925,0.21795630580787936
2020,3,Sants-Montjuïc,11,el Poble-sec,40079,41.99486015120138,0.1333865615409566,0.28281643753586666,0.3534269817111205,0.16357693555228422
2020,3,Sants-Montjuïc,12,la Marina del Prat Vermell,1073,41.85927306616962,0.1267474370922647,0.27958993476234856,0.4109972041006524,0.1267474370922647
2020,3,Sants-Montjuïc,13,la Marina de Port,31265,43.521701583240045,0.16056292979369902,0.189285143131297,0.37470014393091317,0.19651367343675036
2020,3,Sants-Montjuïc,14,la Font de la Guatlla,10366,45.609106694964304,0.11701717152228439,0.242330696507814,0.33860698437198533,0.234420219949836
2020,3,Sants-Montjuïc,15,Hostafrancs,16166,43.016887294321414,0.1307064208833354,0.27675368056414695,0.33997278238277867,0.1899665965606829
2020,3,Sants-Montjuïc,16,la Bordeta,19533,45.00281574770901,0.14063379921159064,0.22131776992781446,0.35591051041826655,0.22234167818563458
2020,3,Sants-Montjuïc,17,Sants - Badal,24907,44.62171277151002,0.13092704862086962,0.23720239290159392,0.34564580238487175,0.21909503352471194
2020,3,Sants-Montjuïc,18,Sants,43605,43.5183121201697,0.1331728012842564,0.2565760807246875,0.34262125902992774,0.19830294690975805
2020,4,Les Corts,19,les Corts,46459,45.86962698293119,0.1441055554359758,0.2011450956757571,0.3313028691964958,0.2600572547837879
2020,4,Les Corts,20,la Maternitat i Sant Ramon,23909,45.97226985653938,0.1437952235559831,0.20523652181187002,0.323141913087122,0.26517211092057386
2020,4,Les Corts,21,Pedralbes,11860,44.05379426644182,0.1912310286677909,0.15354131534569984,0.328752107925801,0.24418212478920742
2020,5,Sarrià-Sant Gervasi,22,"Vallvidrera, el Tibidabo i les Planes",4569,39.320420223243595,0.22433792952506018,0.16393083825782448,0.40534033705406,0.12781790326110745
2020,5,Sarrià-Sant Gervasi,23,Sarrià,25057,42.358183341980286,0.2125154647403919,0.1578401245161033,0.3393861994652193,0.21247555573292892
2020,5,Sarrià-Sant Gervasi,24,les Tres Torres,16551,42.24675246208688,0.21086339194006404,0.15261917708899764,0.3375626850341369,0.21044045676998369
2020,5,Sarrià-Sant Gervasi,25,Sant Gervasi - la Bonanova,26147,42.9118445710789,0.19528052931502657,0.17088002447699546,0.3343404597085708,0.21650667380579033
2020,5,Sarrià-Sant Gervasi,26,Sant Gervasi - Galvany,47825,43.589377940407736,0.17752221641400942,0.1796340825927862,0.3407004704652378,0.21892315734448511
2020,5,Sarrià-Sant Gervasi,27,el Putxet i el Farró,30286,42.98065112593277,0.16905500891501024,0.20993198177375685,0.33593079310572543,0.2093046292016113
2020,6,Gràcia,28,Vallcarca i els Penitents,16204,44.003764502591956,0.1616884719822266,0.20531967415452976,0.34843248580597386,0.22080967662305603
2020,6,Gràcia,29,el Coll,7596,43.67259083728278,0.1517904160084255,0.2136650868878357,0.3688783570300158,0.20326487625065823
2020,6,Gràcia,30,la Salut,13442,44.957298021127805,0.1530278232405892,0.2155929177205773,0.32591876208897486,0.24594554381788425
2020,6,Gràcia,31,la Vila de Gràcia,50617,42.640634569413436,0.13432246083331686,0.2834225655412213,0.3365667661062489,0.1846810360155679
2020,6,Gràcia,32,el Camp d'en Grassot i Gràcia Nova,35405,45.02677587911312,0.13630843101256884,0.23457138822200255,0.33540460386950993,0.2346843666148849
2020,7,Horta-Guinardó,33,el Baix Guinardó,26129,46.33097324811512,0.12981744421906694,0.21657927972750585,0.3448275862068966,0.2467756133032263
2020,7,Horta-Guinardó,34,Can Baró,9304,44.36747635425623,0.14413155631986244,0.22936371453138435,0.34834479793637146,0.21700343938091143
2020,7,Horta-Guinardó,35,el Guinardó,37483,44.43891897660273,0.14561267774724543,0.21439052370407918,0.3575220766747592,0.21815222901048476
2020,7,Horta-Guinardó,36,la Font d'en Fargues,9496,45.06118365627633,0.16628053917438923,0.16006739679865206,0.37131423757371523,0.2360994102780118
2020,7,Horta-Guinardó,37,el Carmel,32463,44.03132797338508,0.1540831100021563,0.20598835597449405,0.3526168253088131,0.2188029448911068
2020,7,Horta-Guinardó,38,la Teixonera,11905,43.94162116757665,0.14624107517849644,0.20764384712305753,0.36497270054598907,0.20814783704325915
2020,7,Horta-Guinardó,39,Sant Genís dels Agudells,7370,45.25237449118046,0.1541383989145183,0.19755766621438264,0.3271370420624152,0.2458616010854817
2020,7,Horta-Guinardó,40,Montbau,5150,47.358058252427185,0.1363106796116505,0.19262135922330098,0.34271844660194173,0.26
2020,7,Horta-Guinardó,41,la Vall d'Hebron,5866,47.16928060006819,0.14285714285714285,0.1638254347084896,0.35799522673031026,0.2700306853051483
2020,7,Horta-Guinardó,42,la Clota,455,35.2989010989011,0.15824175824175823,0.34725274725274724,0.3912087912087912,0.026373626373626374
2020,7,Horta-Guinardó,43,Horta,28307,45.204401738085984,0.1533189670399548,0.19179001660366693,0.350796622743491,0.23732645635355212
2020,8,Nou Barris,44,Vilapicina i la Torre Llobeta,25907,45.95568765198595,0.14231674836916663,0.18655189717064885,0.3619871077315011,0.2424827266761879
2020,8,Nou Barris,45,Porta,27749,44.51010847237738,0.14472593606976827,0.21049407185844535,0.3513640131175898,0.22371977368553822
2020,8,Nou Barris,46,el Turó de la Peira,16201,43.33220171594346,0.1702364051601753,0.21461638170483305,0.3457194000370348,0.19869143880007406
2020,8,Nou Barris,47,Can Peguera,2221,44.0126069338136,0.16479063484916703,0.18325078793336336,0.37280504277352544,0.20531292210715893
2020,8,Nou Barris,48,la Guineueta,15390,47.271539961013644,0.14834307992202728,0.15588044184535413,0.3505523066926576,0.28089668615984403
2020,8,Nou Barris,49,Canyelles,6849,47.92217842020733,0.13505621258577893,0.15345305884070667,0.36195064972988755,0.287341217696014
2020,8,Nou Barris,50,les Roquetes,16349,40.858951617835956,0.1818459844638816,0.22741452076579607,0.34020429384060186,0.17248761392134077
2020,8,Nou Barris,51,Verdun,12760,43.52884012539185,0.15877742946708465,0.20885579937304075,0.3529780564263323,0.20713166144200626
2020,8,Nou Barris,52,la Prosperitat,26936,45.31103356103356,0.14987377487377487,0.19093406593406592,0.3479358479358479,0.24328036828036828
2020,8,Nou Barris,53,la Trinitat Nova,7649,41.94679043012158,0.16969538501764936,0.21087723885475226,0.36671460321610666,0.1712642175447771
2020,8,Nou Barris,54,Torre Baró,2871,37.77673284569836,0.2138627655869035,0.20480668756530826,0.36851271334029956,0.11703239289446186
2020,8,Nou Barris,55,Ciutat Meridiana,11076,39.50568797399783,0.20124593716143013,0.21388587937883713,0.32809678584326474,0.1657638136511376
2020,8,Nou Barris,56,Vallbona,1290,39.16356589147287,0.22790697674418606,0.1635658914728682,0.4124031007751938,0.12868217054263567
2020,9,Sant Andreu,57,la Trinitat Vella,10462,39.116325750334546,0.20177786274134965,0.21974765819155037,0.3474479067099981,0.14758172433569108
2020,9,Sant Andreu,58,Baró de Viver,2564,39.8978159126365,0.19734789391575663,0.2078783151326053,0.3798751950078003,0.14040561622464898
2020,9,Sant Andreu,59,el Bon Pastor,13590,40.46990434142752,0.19838116261957323,0.1930831493745401,0.3740250183958793,0.15945548197203827
2020,9,Sant Andreu,60,Sant Andreu,58368,44.59584018640351,0.15842584978070176,0.18410773026315788,0.3758395010964912,0.2216111567982456
2020,9,Sant Andreu,61,la Sagrera,29486,45.28494878925592,0.1434239978294784,0.2041646883266635,0.3502679237604287,0.241233127585973
2020,9,Sant Andreu,62,el Congrés i els Indians,14689,44.737150248485264,0.14711689018993804,0.20198788208863774,0.36946014024099666,0.21253999591531078
2020,9,Sant Andreu,63,Navas,22410,45.49607318161535,0.13855421686746988,0.20432842481035252,0.3546184738955823,0.235475234270415
2020,10,Sant Martí,64,el Camp de l'Arpa del Clot,39056,45.023171855796804,0.12881503482179435,0.23765874641540352,0.34360917656698076,0.22882527652601392
2020,10,Sant Martí,65,el Clot,27042,44.04685304341395,0.14484875379040013,0.21266918127357445,0.3680570963686118,0.20431181125656386
2020,10,Sant Martí,66,el Parc i la Llacuna del Poblenou,15885,43.072521246458926,0.1448536355051936,0.24412968209002203,0.34819011646207115,0.19741894869373622
2020,10,Sant Martí,67,la Vila Olímpica del Poblenou,9277,41.007976716610976,0.17645790665085695,0.1788293629406058,0.3994825913549639,0.14853939851245015
2020,10,Sant Martí,68,el Poblenou,34345,41.510496433250836,0.1817440675498617,0.21190857475615082,0.38788761100596886,0.16037268889212403
2020,10,Sant Martí,69,Diagonal Mar i el Front Marítim del Poblenou,13420,40.08330849478391,0.21721311475409835,0.18621460506706408,0.39388971684053653,0.14940387481371087
2020,10,Sant Martí,70,el Besòs i el Maresme,25580,40.93092259577795,0.172556684910086,0.24046129788897577,0.34730258014073495,0.16004691164972634
2020,10,Sant Martí,71,Provençals del Poblenou,21228,42.3932070849821,0.16826832485396645,0.21433955153570755,0.3779913322027511,0.17712455247785944
2020,10,Sant Martí,72,Sant Martí de Provençals,26073,46.21363095922985,0.14363517815364554,0.18233421547194414,0.35995090706861504,0.2509492578529513
2020,10,Sant Martí,73,la Verneda i la Pau,28790,46.43674887113581,0.14397360194511982,0.1778047933310177,0.35140673845085096,0.2617575547064953
2021,1,Ciutat Vella,1,el Raval,48340,37.96702523789822,0.148820852296235,0.3316094331816301,0.3299751758378155,0.10564749689697972
2021,1,Ciutat Vella,2,el Barri Gòtic,22623,38.16111921495823,0.07775272952305176,0.43270123325818854,0.30477832294567475,0.0884498077178093
2021,1,Ciutat Vella,3,la Barceloneta,14970,42.28370073480294,0.08510354041416165,0.35978623914495655,0.32171008684034735,0.1618570474281897
2021,1,Ciutat Vella,4,"Sant Pere, Santa Caterina i la Ribera",22900,40.07930131004367,0.10838427947598253,0.3593013100436681,0.32244541484716155,0.1289519650655022
2021,2,Eixample,5,el Fort Pienc,33380,43.83744757339724,0.1269622528460156,0.25943678849610546,0.3373576992210905,0.2062013181545836
2021,2,Eixample,6,la Sagrada Família,52077,44.8307314169403,0.12036023580467385,0.2590971062081149,0.33586804155385297,0.22023158016014746
2021,2,Eixample,7,la Dreta de l'Eixample,43695,43.7161002403021,0.13125071518480375,0.2546286760498913,0.3345462867604989,0.2052408742419041
2021,2,Eixample,8,l'Antiga Esquerra de l'Eixample,42880,43.92220149253731,0.12026585820895522,0.27586287313432833,0.33190298507462684,0.20415111940298508
2021,2,Eixample,9,la Nova Esquerra de l'Eixample,57761,45.17407939613234,0.12203736084901577,0.25314658679732,0.33086338532920134,0.23181731618219906
2021,2,Eixample,10,Sant Antoni,38607,44.78444323568265,0.12047038101898619,0.25749216463335667,0.3428134794208304,0.21656694381847852
2021,3,Sants-Montjuïc,11,el Poble-sec,40113,42.07960012963378,0.13083040410839378,0.2840475656271034,0.35746516092039987,0.16191758282850946
2021,3,Sants-Montjuïc,12,la Marina del Prat Vermell,1210,41.421487603305785,0.14297520661157026,0.2834710743801653,0.412396694214876,0.1231404958677686
2021,3,Sants-Montjuïc,13,la Marina de Port,31014,43.82807764235506,0.1569613722834849,0.18881795318243375,0.3758302702005546,0.1996517701683111
2021,3,Sants-Montjuïc,14,la Font de la Guatlla,10214,45.685627570001955,0.11503818288623457,0.24123751713334637,0.34305854709222633,0.23467789308791853
2021,3,Sants-Montjuïc,15,Hostafrancs,16066,43.221648201170176,0.12884352047802813,0.2790987177891199,0.3394124237520229,0.19251836175774928
2021,3,Sants-Montjuïc,16,la Bordeta,19428,45.093988058472306,0.1405703108914968,0.21849907350216183,0.3572163887173152,0.22395511632695078
2021,3,Sants-Montjuïc,17,Sants - Badal,24865,44.76203498894028,0.13074602855419265,0.23547154635029158,0.3494470138749246,0.21954554594811984
2021,3,Sants-Montjuïc,18,Sants,43531,43.60931290344812,0.1331694654384232,0.25602444235142774,0.3459603500953344,0.1980887183845995
2021,4,Les Corts,19,les Corts,45674,46.20641940710251,0.1426632219643561,0.1967640232955292,0.33235538818583876,0.265271270306958
2021,4,Les Corts,20,la Maternitat i Sant Ramon,23772,46.121992259801445,0.1436143361938415,0.20322227831061754,0.32420494699646646,0.2673733804475854
2021,4,Les Corts,21,Pedralbes,11717,44.10489033028932,0.19023640863702312,0.15532986259281387,0.329350516343774,0.24391909191772637
2021,5,Sarrià-Sant Gervasi,22,"Vallvidrera, el Tibidabo i les Planes",4629,39.71289695398574,0.21646143875567078,0.16288615251674227,0.40699935191186,0.13069777489738604
2021,5,Sarrià-Sant Gervasi,23,Sarrià,24560,42.436400651465796,0.21050488599348535,0.15688110749185669,0.3415309446254072,0.2121742671009772
2021,5,Sarrià-Sant Gervasi,24,les Tres Torres,16275,42.40092165898618,0.2086635944700461,0.15145929339477726,0.33757296466973885,0.21204301075268817
2021,5,Sarrià-Sant Gervasi,25,Sant Gervasi - la Bonanova,25899,43.138769836673234,0.19147457430788833,0.17379049384146106,0.3337966716861655,0.21857986794856946
2021,5,Sarrià-Sant Gervasi,26,Sant Gervasi - Galvany,47205,43.78639974578964,0.17299014934858595,0.18286198495922043,0.3403453024044063,0.2205910390848427
2021,5,Sarrià-Sant Gervasi,27,el Putxet i el Farró,29943,43.28343853321311,0.16631600040076144,0.20879671375613665,0.33794208997094477,0.21176902781952375
2021,6,Gràcia,28,Vallcarca i els Penitents,16174,44.06077655496476,0.15957709904785458,0.20675157660442686,0.3481513540249784,0.21930258439470757
2021,6,Gràcia,29,el Coll,7671,43.538260982922694,0.15408682049276495,0.20949028809803155,0.37361491330986835,0.1988006778777213
2021,6,Gràcia,30,la Salut,13403,44.922927702753114,0.15250317093188093,0.21428038498843544,0.32813549205401776,0.2443482802357681
2021,6,Gràcia,31,la Vila de Gràcia,50186,42.7435141274459,0.1331646275853824,0.2832662495516678,0.3404734388076356,0.18313872394691746
2021,6,Gràcia,32,el Camp d'en Grassot i Gràcia Nova,35291,45.15834065342439,0.13351846079737043,0.2337989855770593,0.3381031991159219,0.23513076988467316
2021,7,Horta-Guinardó,33,el Baix Guinardó,25798,46.19412357547097,0.12931234979455772,0.2169935653926661,0.3470811690828746,0.24408868904566244
2021,7,Horta-Guinardó,34,Can Baró,9306,44.481839673329034,0.14109176875134322,0.2253384912959381,0.3546099290780142,0.21545239630346014
2021,7,Horta-Guinardó,35,el Guinardó,37209,44.583219113655296,0.14308366255475827,0.2120723480878282,0.36214356741648523,0.21723239001316885
2021,7,Horta-Guinardó,36,la Font d'en Fargues,9459,45.18532614441273,0.16513373506713183,0.15963632519293794,0.3702294111428269,0.23744581879691298
2021,7,Horta-Guinardó,37,el Carmel,32655,43.920318481090185,0.1532690246516613,0.20627775225845965,0.356453835553514,0.21436227224008575
2021,7,Horta-Guinardó,38,la Teixonera,12025,43.97862785862786,0.1447817047817048,0.20831600831600833,0.367983367983368,0.204989604989605
2021,7,Horta-Guinardó,39,Sant Genís dels Agudells,7361,44.820812389620976,0.1562287732645021,0.1982067653851379,0.3331069148213558,0.23570167096861838
2021,7,Horta-Guinardó,40,Montbau,5101,46.928837482846504,0.1382081944716722,0.1976083120956675,0.35247990590080375,0.24583415016663399
2021,7,Horta-Guinardó,41,la Vall d'Hebron,5915,47.38309382924768,0.13812341504649198,0.16534234995773459,0.35908706677937446,0.2696534234995773
2021,7,Horta-Guinardó,42,la Clota,443,37.690744920993225,0.13544018058690746,0.2799097065462754,0.49887133182844245,0.024830699774266364
2021,7,Horta-Guinardó,43,Horta,27994,45.30263627920269,0.14924626705722654,0.19389869257698078,0.3541473172822748,0.2353361434593127
2021,8,Nou Barris,44,Vilapicina i la Torre Llobeta,25694,46.042967229703436,0.1410446018525726,0.18619132871487507,0.3647544173737059,0.24204094341091306
2021,8,Nou Barris,45,Porta,27714,44.459334632315795,0.14274373962618173,0.2122393014360973,0.35819441437540595,0.2172908999061846
2021,8,Nou Barris,46,el Turó de la Peira,16150,43.02235294117647,0.1703405572755418,0.21479876160990713,0.3530650154798762,0.19040247678018576
2021,8,Nou Barris,47,Can Peguera,2146,44.35834109972041,0.16169617893755825,0.18359739049394222,0.3807082945013979,0.2031686859273066
2021,8,Nou Barris,48,la Guineueta,15232,47.37296481092437,0.14712447478991597,0.15710346638655462,0.3553046218487395,0.2771796218487395
2021,8,Nou Barris,49,Canyelles,6796,48.07563272513243,0.13360800470865214,0.15200117716303707,0.35800470865214834,0.29487934078869926
2021,8,Nou Barris,50,les Roquetes,16526,40.794989713179234,0.1826818346847392,0.22122715720682562,0.345213602807697,0.1707612247367784
2021,8,Nou Barris,51,Verdun,12823,43.380800124775796,0.1608048038680496,0.20673789284878732,0.35607892068938624,0.2042423769788661
2021,8,Nou Barris,52,la Prosperitat,26783,45.39035955643505,0.14878841055893663,0.18728297800843818,0.3518276518687227,0.241907179927566
2021,8,Nou Barris,53,la Trinitat Nova,7613,42.1224221725995,0.1669512675686326,0.20648890056482333,0.3739655851832392,0.17141731249179035
2021,8,Nou Barris,54,Torre Baró,2870,38.42264808362369,0.2073170731707317,0.20313588850174216,0.3808362369337979,0.11916376306620209
2021,8,Nou Barris,55,Ciutat Meridiana,11140,39.585547576301614,0.20206463195691202,0.2128366247755835,0.3350987432675045,0.16310592459605028
2021,8,Nou Barris,56,Vallbona,1282,37.80187207488299,0.23244929797191888,0.17160686427457097,0.41809672386895474,0.10218408736349453
2021,9,Sant Andreu,57,la Trinitat Vella,10485,39.3030042918455,0.1993323795898903,0.2172627563185503,0.35326657129232236,0.14620886981402004
2021,9,Sant Andreu,58,Baró de Viver,2598,40.10546574287914,0.19091608929946113,0.20053887605850654,0.38375673595073134,0.14280215550423403
2021,9,Sant Andreu,59,el Bon Pastor,13670,40.64177029992685,0.19180687637161667,0.1966349670811997,0.38119970738844183,0.15449890270665692
2021,9,Sant Andreu,60,Sant Andreu,58092,44.751583694828895,0.1579563451077601,0.1807477793844247,0.3764201611237348,0.22404117606555118
2021,9,Sant Andreu,61,la Sagrera,29446,45.330163689465465,0.14348298580452354,0.20165727093662977,0.3507776947632955,0.24247775589214154
2021,9,Sant Andreu,62,el Congrés i els Indians,14512,44.85274255788313,0.14477673649393605,0.20272877618522603,0.37548235942668134,0.20996416758544653
2021,9,Sant Andreu,63,Navas,22259,45.52742710813604,0.1381014421133025,0.2075115683543735,0.35423873489375085,0.23523069320274945
2021,10,Sant Martí,64,el Camp de l'Arpa del Clot,38752,45.08368600330306,0.1262128406275805,0.2397811725846408,0.3450918662262593,0.22803984310487202
2021,10,Sant Martí,65,el Clot,26714,44.42322377779441,0.14007636445309576,0.21258516133862393,0.36834618552070075,0.20974021112525268
2021,10,Sant Martí,66,el Parc i la Llacuna del Poblenou,15856,43.226854187689206,0.14347880928355197,0.24318869828456105,0.35172805247225025,0.19815842583249244
2021,10,Sant Martí,67,la Vila Olímpica del Poblenou,9294,41.364213471056594,0.16806541854960189,0.1894770819883796,0.39154293092317627,0.15407789972024963
2021,10,Sant Martí,68,el Poblenou,34310,41.606237248615564,0.17779073156514136,0.21352375400757798,0.3910521713786068,0.158845817545905
2021,10,Sant Martí,69,Diagonal Mar i el Front Marítim del Poblenou,13440,40.48251488095238,0.21168154761904762,0.18325892857142856,0.3992559523809524,0.1507440476190476
2021,10,Sant Martí,70,el Besòs i el Maresme,25984,40.95770474137931,0.16883466748768472,0.24191810344827586,0.35075431034482757,0.15859759852216748
2021,10,Sant Martí,71,Provençals del Poblenou,21106,42.67686913673837,0.16592438169240975,0.2131621339903345,0.38173978963327965,0.17852743295745285
2021,10,Sant Martí,72,Sant Martí de Provençals,26151,46.199915873197966,0.14137126687315973,0.18435241482161294,0.35998623379603073,0.24897709456617337
2021,10,Sant Martí,73,la Verneda i la Pau,28713,46.5712046808066,0.14307108278480132,0.17584369449378331,0.3558666805976387,0.2597429735659806
2022,1,Ciutat Vella,1,el Raval,46172,38.249306939270554,0.15182361604435587,0.31956597071818416,0.3389283548470935,0.10703456640388113
2022,1,Ciutat Vella,2,el Barri Gòtic,22514,38.32828462290131,0.07995025317580172,0.42546859731722486,0.31389357732966156,0.08816736252998135
2022,1,Ciutat Vella,3,la Barceloneta,14161,42.901701857213475,0.08262128380764071,0.35442412259021255,0.33422780877056707,0.1637596214956571
2022,1,Ciutat Vella,4,"Sant Pere, Santa Caterina i la Ribera",22268,40.335099694629065,0.1065205676306808,0.3606969642536375,0.3315520028740794,0.12834560804742232
2022,2,Eixample,5,el Fort Pienc,33382,43.965879815469414,0.12716434006350727,0.2610688394943383,0.3346414235216584,0.20882511533161585
2022,2,Eixample,6,la Sagrada Família,51301,45.05697744683339,0.11798990273094091,0.2601898598467866,0.33496423071675013,0.22301709518332977
2022,2,Eixample,7,la Dreta de l'Eixample,43743,43.5984728985209,0.12799762247673913,0.2637679171524587,0.3306814804654459,0.20366687241387194
2022,2,Eixample,8,l'Antiga Esquerra de l'Eixample,42185,44.125779305440325,0.11724546639800877,0.27474220694559676,0.3314211212516297,0.2061633281972265
2022,2,Eixample,9,la Nova Esquerra de l'Eixample,57167,45.28668637500656,0.12197596515472213,0.2521909493239107,0.3300330610317141,0.2345409064670177
2022,2,Eixample,10,Sant Antoni,38083,44.92295775017725,0.11916078040070373,0.2581729380563506,0.34537720242627945,0.21676338523750754
2022,3,Sants-Montjuïc,11,el Poble-sec,39039,42.31737493275955,0.1306385921770537,0.27715873869720026,0.36494274955813416,0.16245293168370092
2022,3,Sants-Montjuïc,12,la Marina del Prat Vermell,1402,39.56562054208274,0.16833095577746077,0.2553495007132668,0.4136947218259629,0.10199714693295292
2022,3,Sants-Montjuïc,13,la Marina de Port,30335,44.24717323223999,0.15302455909015988,0.18717652876215593,0.37755068402835007,0.20425251359815394
2022,3,Sants-Montjuïc,14,la Font de la Guatlla,10342,45.373525430284275,0.1133243086443628,0.2292593308837749,0.34035969831754015,0.23225681686327596
2022,3,Sants-Montjuïc,15,Hostafrancs,15819,43.49073898476516,0.1256084455401732,0.27384790441873696,0.3429420317339908,0.1950186484607118
2022,3,Sants-Montjuïc,16,la Bordeta,19190,45.27597707139135,0.13913496612819176,0.21448671182907764,0.35784262636789993,0.2280354351224596
2022,3,Sants-Montjuïc,17,Sants - Badal,24179,45.27011042640308,0.12920302742048886,0.2260225815790562,0.3508416394391828,0.22991025269862278
2022,3,Sants-Montjuïc,18,Sants,42879,43.843326570115906,0.1323491685906854,0.25100865225401714,0.3487021618974323,0.20194034375801675
2022,4,Les Corts,19,les Corts,45410,46.39678484915217,0.14305219114732437,0.1921823386919181,0.33331865227923363,0.26864126844307423
2022,4,Les Corts,20,la Maternitat i Sant Ramon,23629,46.29188708790046,0.14482204071268356,0.19298319861187524,0.32747894536374794,0.27013415717973677
2022,4,Les Corts,21,Pedralbes,11652,44.15345005149331,0.18872296601441813,0.15036045314109167,0.33024373498111914,0.24364915894267078
2022,5,Sarrià-Sant Gervasi,22,"Vallvidrera, el Tibidabo i les Planes",4666,39.96935276468067,0.21367338191170168,0.1607372481783112,0.4048435490784398,0.1380197171024432
2022,5,Sarrià-Sant Gervasi,23,Sarrià,24437,42.72328845602979,0.20567172729876826,0.1565658632401686,0.34226787248843965,0.2143880181691697
2022,5,Sarrià-Sant Gervasi,24,les Tres Torres,16049,42.93177144993457,0.20406255841485452,0.15122437535048913,0.33678110785718735,0.21882983363449435
2022,5,Sarrià-Sant Gervasi,25,Sant Gervasi - la Bonanova,25590,43.353067604533024,0.1874169597499023,0.17291910902696367,0.33313794450957407,0.22207893708479876
2022,5,Sarrià-Sant Gervasi,26,Sant Gervasi - Galvany,47036,43.964495280210905,0.1682753635513224,0.1846245429033081,0.33905944383025766,0.22200017008249
2022,5,Sarrià-Sant Gervasi,27,el Putxet i el Farró,29736,43.3340395480226,0.16448076405703524,0.20883777239709442,0.3379741727199354,0.2117635189669088
2022,6,Gràcia,28,Vallcarca i els Penitents,15933,44.3093579363585,0.1578484905541957,0.2022845666227327,0.34946337789493503,0.22368668800602523
2022,6,Gràcia,29,el Coll,7598,43.80152671755725,0.14964464332719138,0.20808107396683337,0.373387733614109,0.20202684917083444
2022,6,Gràcia,30,la Salut,13289,45.141319888629695,0.15441342463691776,0.2073143201143803,0.3314771615621943,0.24764843103318535
2022,6,Gràcia,31,la Vila de Gràcia,49562,42.85200355110771,0.13110851055243936,0.2838666720471329,0.34207659093660464,0.18284169323271862
2022,6,Gràcia,32,el Camp d'en Grassot i Gràcia Nova,34960,45.342991990846684,0.13135011441647598,0.23458237986270022,0.3374713958810069,0.2374141876430206
2022,7,Horta-Guinardó,33,el Baix Guinardó,25554,46.27655161618533,0.1282773734053377,0.21804805509900602,0.3458167018862018,0.24669327698207716
2022,7,Horta-Guinardó,34,Can Baró,9249,44.333549572926806,0.1459617255919559,0.22002378635528166,0.3572278084117202,0.21386095794139906
2022,7,Horta-Guinardó,35,el Guinardó,36892,44.68985145831074,0.1422530629946872,0.21061476742925295,0.36189417759947956,0.21869239943619212
2022,7,Horta-Guinardó,36,la Font d'en Fargues,9488,45.48545531197302,0.16231028667790895,0.15967537942664417,0.36909780775716694,0.24135750421585161
2022,7,Horta-Guinardó,37,el Carmel,32042,44.30906310467511,0.15077086324199487,0.2006741152237688,0.3640846389114287,0.21565445352974222
2022,7,Horta-Guinardó,38,la Teixonera,11896,44.108523873570945,0.14559515803631473,0.20679219905850707,0.36777067921990586,0.207044384667115
2022,7,Horta-Guinardó,39,Sant Genís dels Agudells,7250,45.02758620689655,0.1566896551724138,0.19448275862068964,0.3430344827586207,0.23296551724137932
2022,7,Horta-Guinardó,40,Montbau,4999,47.208041608321665,0.13442688537707542,0.1894378875775155,0.3656731346269254,0.24384876975395078
2022,7,Horta-Guinardó,41,la Vall d'Hebron,5857,48.10670991975414,0.13505207444084003,0.1584428888509476,0.3617893119344374,0.27932388594843777
2022,7,Horta-Guinardó,42,la Clota,396,38.79545454545455,0.1414141414141414,0.255050505050505,0.5555555555555556,0.015151515151515152
2022,7,Horta-Guinardó,43,Horta,27821,45.60066137090687,0.14920383882678553,0.1878437151791812,0.35832644405305347,0.23820135868588477
2022,8,Nou Barris,44,Vilapicina i la Torre Llobeta,25510,46.19952959623677,0.13849470795766367,0.18463347706781655,0.3638573108584869,0.244453155625245
2022,8,Nou Barris,45,Porta,27333,44.76925328357663,0.14228222295393847,0.2056122635641898,0.3657117769728899,0.21823436871181356
2022,8,Nou Barris,46,el Turó de la Peira,15999,42.97668604287768,0.16813550846927933,0.21257578598662416,0.35777236077254826,0.1868866804175261
2022,8,Nou Barris,47,Can Peguera,2112,45.01278409090909,0.15672348484848486,0.17897727272727273,0.3925189393939394,0.20454545454545456
2022,8,Nou Barris,48,la Guineueta,15028,47.59735161032739,0.14792387543252594,0.15464466329518234,0.3563348416289593,0.2792121373436252
2022,8,Nou Barris,49,Canyelles,6765,48.26237989652624,0.13244641537324464,0.14974131559497414,0.35535846267553584,0.30036954915003694
2022,8,Nou Barris,50,les Roquetes,16114,41.17798187911133,0.1816432915477225,0.2116172272558024,0.35298498200322703,0.17338959910636714
2022,8,Nou Barris,51,Verdun,12509,43.72020145495243,0.15884563114557518,0.19761771524502358,0.3678951155168279,0.20313374370453274
2022,8,Nou Barris,52,la Prosperitat,26263,45.790122986711346,0.14636560941248145,0.17918745002474964,0.3586795110992651,0.24456459658074098
2022,8,Nou Barris,53,la Trinitat Nova,7407,42.54637505062779,0.16308896989334412,0.20021601188065344,0.3769407317402457,0.1767247198595923
2022,8,Nou Barris,54,Torre Baró,2851,38.620133286566116,0.2118554893019993,0.20028060329708874,0.383725008768853,0.11680112241318835
2022,8,Nou Barris,55,Ciutat Meridiana,10796,39.717858466098555,0.20535383475361244,0.2110967024824009,0.3341978510559466,0.1648758799555391
2022,8,Nou Barris,56,Vallbona,1281,39.08196721311475,0.22014051522248243,0.16939890710382513,0.4106167056986729,0.12724434035909446
2022,9,Sant Andreu,57,la Trinitat Vella,10337,39.428654348457,0.1982199864564187,0.21543968269323788,0.35435813098577923,0.14636741801296313
2022,9,Sant Andreu,58,Baró de Viver,2545,40.316306483300586,0.19017681728880156,0.19017681728880156,0.3897838899803536,0.1457760314341847
2022,9,Sant Andreu,59,el Bon Pastor,13474,40.88058483004305,0.18858542377913018,0.19088615110583346,0.38288555736974916,0.15682054326851713
2022,9,Sant Andreu,60,Sant Andreu,57444,45.010253464243434,0.15749251444885454,0.1741696260706079,0.3773762272822227,0.22850080077989
2022,9,Sant Andreu,61,la Sagrera,29326,45.660233240128214,0.14141035258814705,0.20050467162245106,0.35258814703675917,0.24599331651094591
2022,9,Sant Andreu,62,el Congrés i els Indians,14279,45.04510119756286,0.14538833251628266,0.2008544015687373,0.3753764269206527,0.2134603263533861
2022,9,Sant Andreu,63,Navas,21905,45.81113900935859,0.13649851632047477,0.2027847523396485,0.3552157041771285,0.23967130792056607
2022,10,Sant Martí,64,el Camp de l'Arpa del Clot,38135,45.30806345876491,0.12581617936279008,0.23697390848302086,0.3466893929461125,0.23018224727940212
2022,10,Sant Martí,65,el Clot,26337,44.71211603447621,0.13801875688195314,0.21342597866119908,0.366632494209667,0.2145270911645214
2022,10,Sant Martí,66,el Parc i la Llacuna del Poblenou,15908,43.29538596932361,0.14407845109378928,0.23579331154136285,0.35334422931858184,0.1995851144078451
2022,10,Sant Martí,67,la Vila Olímpica del Poblenou,9289,41.9724405210464,0.16105070513510603,0.19097857681128216,0.38604801377973946,0.16621810743890622
2022,10,Sant Martí,68,el Poblenou,34001,41.851710243816356,0.1741713479015323,0.2128760918796506,0.39101791123790475,0.16105408664451046
2022,10,Sant Martí,69,Diagonal Mar i el Front Marítim del Poblenou,13296,40.96991576413959,0.20276774969915765,0.18170878459687123,0.4049338146811071,0.151398916967509
2022,10,Sant Martí,70,el Besòs i el Maresme,26233,41.00274463462052,0.16948118781687188,0.23828765295620022,0.35363854686844814,0.15861700911066215
2022,10,Sant Martí,71,Provençals del Poblenou,21024,42.914954337899545,0.16371765601217655,0.2108542617960426,0.3831335616438356,0.18126902587519025
2022,10,Sant Martí,72,Sant Martí de Provençals,25783,46.462940697358725,0.13970445642477602,0.18170887794283055,0.3634953263778459,0.24962184385059924
2022,10,Sant Martí,73,la Verneda i la Pau,28662,46.649187076966015,0.14095317842439467,0.17483078640708952,0.35838392296420346,0.258216453841323
2023,1,Ciutat Vella,1,el Raval,45296,38.198207347227125,0.15343518191451783,0.31740109501942776,0.3364535499823384,0.10802278346873896
2023,1,Ciutat Vella,2,el Barri Gòtic,24205,37.82334228465193,0.08349514563106795,0.42127659574468085,0.31171245610411075,0.08229704606486263
2023,1,Ciutat Vella,3,la Barceloneta,14086,42.620190259832455,0.08199630839131052,0.3554593213119409,0.3325997444270907,0.15994604571915377
2023,1,Ciutat Vella,4,"Sant Pere, Santa Caterina i la Ribera",21894,40.43080295971499,0.10432081848908377,0.3636612770622088,0.32757833196309494,0.13062939618160227
2023,2,Eixample,5,el Fort Pienc,34333,43.6087437742114,0.12439926601229138,0.2687210555442286,0.3303818483674599,0.20339032417790465
2023,2,Eixample,6,la Sagrada Família,51623,44.95527187493946,0.1155880130949383,0.2664122581020088,0.32818704840865504,0.22346628440811267
2023,2,Eixample,7,la Dreta de l'Eixample,43698,43.55947640624285,0.12657329854913268,0.26715181472836286,0.32749782598745936,0.20369353288480022
2023,2,Eixample,8,l'Antiga Esquerra de l'Eixample,42554,44.04808008647836,0.11268035907317761,0.28305212200968183,0.3254453165389858,0.20555059453870375
2023,2,Eixample,9,la Nova Esquerra de l'Eixample,57461,45.24675867109866,0.11989001235620682,0.2556516593863664,0.3242199056751536,0.23586432536851082
2023,2,Eixample,10,Sant Antoni,38172,44.73250026197213,0.11814942890076496,0.26582311642041284,0.34169024415802157,0.21348108561249082
2023,3,Sants-Montjuïc,11,el Poble-sec,38676,42.38701003206123,0.12796049229496329,0.275752404591995,0.36368807529217084,0.16421036301582376
2023,3,Sants-Montjuïc,12,la Marina del Prat Vermell,1576,39.36421319796954,0.16751269035532995,0.26015228426395937,0.39847715736040606,0.10723350253807107
2023,3,Sants-Montjuïc,13,la Marina de Port,30359,44.359530946342105,0.15040021081063276,0.1888402121281992,0.3728054283737936,0.2080766823676669
2023,3,Sants-Montjuïc,14,la Font de la Guatlla,10488,45.12995804729214,0.11365369946605644,0.2297864225781846,0.33314263920671244,0.23102593440122043
2023,3,Sants-Montjuïc,15,Hostafrancs,15928,43.42440984429935,0.1270718232044199,0.26695128076343544,0.3449899547965846,0.196258161727775
2023,3,Sants-Montjuïc,16,la Bordeta,19685,44.98008636017272,0.1398018796037592,0.21833883667767334,0.3506223012446025,0.22829565659131318
2023,3,Sants-Montjuïc,17,Sants - Badal,24331,45.21067773622128,0.1276560766100859,0.22995355719041552,0.3451152850273314,0.23122765196662692
2023,3,Sants-Montjuïc,18,Sants,44334,43.477849957143505,0.13082510037443046,0.25662020119998197,0.34700230071728244,0.1958316416294492
2023,4,Les Corts,19,les Corts,45728,46.39625612316305,0.14039538138558433,0.19532890132960112,0.3280047235829251,0.2699440167949615
2023,4,Les Corts,20,la Maternitat i Sant Ramon,23992,46.230076692230746,0.1420056685561854,0.1958152717572524,0.32510836945648547,0.26825608536178724
2023,4,Les Corts,21,Pedralbes,12027,43.38505030348383,0.19414650370000833,0.15348798536625924,0.3268479255009562,0.2328095119314875
2023,5,Sarrià-Sant Gervasi,22,"Vallvidrera, el Tibidabo i les Planes",4686,40.57938540332906,0.21062740076824585,0.15663679043960735,0.4009816474605207,0.15023474178403756
2023,5,Sarrià-Sant Gervasi,23,Sarrià,24657,42.83728758567547,0.201930486271647,0.1601168025307215,0.3405118222005921,0.2136107393437969
2023,5,Sarrià-Sant Gervasi,24,les Tres Torres,16208,42.75839091806515,0.20273938795656465,0.15572556762092793,0.33372408687068117,0.21575765054294177
2023,5,Sarrià-Sant Gervasi,25,Sant Gervasi - la Bonanova,26040,43.1155529953917,0.1860215053763441,0.1794162826420891,0.32711213517665133,0.21996927803379415
2023,5,Sarrià-Sant Gervasi,26,Sant Gervasi - Galvany,47525,43.694203051025774,0.16908995265649657,0.1904471330878485,0.3308784850078906,0.2207890583903209
2023,5,Sarrià-Sant Gervasi,27,el Putxet i el Farró,29980,43.3628418945964,0.16107404936624417,0.21404269513008672,0.333555703802535,0.2123415610406938
2023,6,Gràcia,28,Vallcarca i els Penitents,16164,44.21758228161346,0.1540460282108389,0.2097253155159614,0.3468200940361297,0.21999505073001732
2023,6,Gràcia,29,el Coll,7722,43.58158508158508,0.1497021497021497,0.21432271432271432,0.3679098679098679,0.19852369852369853
2023,6,Gràcia,30,la Salut,13446,44.82842481035252,0.15335415737022162,0.21069463037334524,0.3276067231890525,0.2435668600327235
2023,6,Gràcia,31,la Vila de Gràcia,49713,42.71761913382817,0.12853780701225032,0.28469414438879165,0.33850300726168203,0.1823466698851407
2023,6,Gràcia,32,el Camp d'en Grassot i Gràcia Nova,35255,45.26821727414551,0.12846404765281522,0.23735640334704297,0.33583888810097856,0.23571124663168344
2023,7,Horta-Guinardó,33,el Baix Guinardó,25684,46.276008409904996,0.12751129107615636,0.22266780875253075,0.34208067279239995,0.24692415511602553
2023,7,Horta-Guinardó,34,Can Baró,9396,44.12196679438059,0.14655172413793102,0.2193486590038314,0.35706683695189445,0.21126011068539804
2023,7,Horta-Guinardó,35,el Guinardó,37476,44.486738179101295,0.14211762194471128,0.2175525669761981,0.3579891130323407,0.21525776496958055
2023,7,Horta-Guinardó,36,la Font d'en Fargues,9670,45.652223371251296,0.15863495346432266,0.1608066184074457,0.36742502585315406,0.24291623578076527
2023,7,Horta-Guinardó,37,el Carmel,32433,44.23439089815928,0.149446551352018,0.20238645823698084,0.3648752813492431,0.21243794900255913
2023,7,Horta-Guinardó,38,la Teixonera,12069,44.1479824343359,0.14342530449913,0.2097108293976303,0.36531609909685975,0.20722512221393652
2023,7,Horta-Guinardó,39,Sant Genís dels Agudells,7366,44.769209883247356,0.1519142003801249,0.20038012489818083,0.3446918273146891,0.2256312788487646
2023,7,Horta-Guinardó,40,Montbau,5159,46.739484396200815,0.13355301415002907,0.2021709633649932,0.35898429928280673,0.23512308586935451
2023,7,Horta-Guinardó,41,la Vall d'Hebron,5859,48.34220856801502,0.13517665130568357,0.16197303294077486,0.3592763270182625,0.28247141150366956
2023,7,Horta-Guinardó,42,la Clota,437,37.09382151029748,0.18764302059496568,0.2036613272311213,0.5560640732265446,0.013729977116704805
2023,7,Horta-Guinardó,43,Horta,29340,44.90664621676892,0.14740967961826856,0.19812542603953648,0.3550783912747103,0.22532379004771644
2023,8,Nou Barris,44,Vilapicina i la Torre Llobeta,25760,46.016886645962735,0.13711180124223601,0.18730590062111802,0.3615683229813665,0.24161490683229814
2023,8,Nou Barris,45,Porta,28911,44.167825395178305,0.14375151326484728,0.21521220296772856,0.36173082909619175,0.20718757566324236
2023,8,Nou Barris,46,el Turó de la Peira,16260,42.64348093480935,0.16758917589175892,0.21703567035670357,0.3589175891758918,0.18068880688806888
2023,8,Nou Barris,47,Can Peguera,2091,44.989956958393115,0.15303682448589193,0.17455762792922047,0.3912003825920612,0.20468675274988044
2023,8,Nou Barris,48,la Guineueta,15234,47.35309176841276,0.1459235919653407,0.1593803334646186,0.35788368123933306,0.2700538269659971
2023,8,Nou Barris,49,Canyelles,6765,48.551810790835184,0.1287509238728751,0.14870657797487066,0.35136733185513674,0.3056910569105691
2023,8,Nou Barris,50,les Roquetes,16490,41.037113402061856,0.17859308671922378,0.216737416616131,0.34893875075803515,0.17125530624620983
2023,8,Nou Barris,51,Verdun,12721,43.377643267038756,0.15722034431255405,0.20328590519613238,0.36349343605062495,0.19825485417813066
2023,8,Nou Barris,52,la Prosperitat,26590,45.60308386611508,0.14415193681835275,0.18488153441143287,0.3575780368559609,0.2394509213990222
2023,8,Nou Barris,53,la Trinitat Nova,7596,42.11071616640337,0.16719325961032122,0.2132701421800948,0.367693522906793,0.17285413375460768
2023,8,Nou Barris,54,Torre Baró,2882,38.527411519777935,0.21825121443442055,0.1967383761276891,0.3806384455239417,0.12074947952810548
2023,8,Nou Barris,55,Ciutat Meridiana,10844,39.84599778679454,0.2065658428624124,0.20638140907414237,0.3353006270748801,0.16534489118406492
2023,8,Nou Barris,56,Vallbona,1299,39.825250192455734,0.2063125481139338,0.18090839107005388,0.39568899153194764,0.13779830638953042
2023,9,Sant Andreu,57,la Trinitat Vella,10257,39.5601052939456,0.1971336648142732,0.21624256605245198,0.35643950472847813,0.14643657989665596
2023,9,Sant Andreu,58,Baró de Viver,2531,40.30225207427894,0.19478467009087316,0.1829316475701304,0.3891742394310549,0.14816278150928486
2023,9,Sant Andreu,59,el Bon Pastor,14359,40.50860087749843,0.1842746709380876,0.2087889128769413,0.37384218956751863,0.14945330454767045
2023,9,Sant Andreu,60,Sant Andreu,57764,45.10331694480992,0.15651616924035733,0.1729970223668721,0.37442005401288,0.23133785748909355
2023,9,Sant Andreu,61,la Sagrera,29785,45.60889709585362,0.13986906160819204,0.20224945442336748,0.3501091153265066,0.24562699345308042
2023,9,Sant Andreu,62,el Congrés i els Indians,14587,44.680194693905534,0.14746006718310825,0.20305751696716254,0.3757455268389662,0.20689655172413793
2023,9,Sant Andreu,63,Navas,22036,45.82900707932474,0.1357778181158105,0.20489199491740787,0.35069885641677256,0.24151388636776183
2023,10,Sant Martí,64,el Camp de l'Arpa del Clot,38256,45.26678168130489,0.12369301547469679,0.2416875784190715,0.34344939355918025,0.22940192388122124
2023,10,Sant Martí,65,el Clot,26406,44.85412406271302,0.13440127243808225,0.21445883511323185,0.3622661516322048,0.21866242520639248
2023,10,Sant Martí,66,el Parc i la Llacuna del Poblenou,16357,42.98716145992542,0.14813229809867334,0.2350064192700373,0.35299871614599254,0.19661307085651403
2023,10,Sant Martí,67,la Vila Olímpica del Poblenou,9258,42.530244113199394,0.1561892417368762,0.19367033916612658,0.3794556059624109,0.17854828256642905
2023,10,Sant Martí,68,el Poblenou,34036,42.06484310729815,0.1683511575978376,0.21559525208602656,0.3885004113291809,0.16294511693501
2023,10,Sant Martí,69,Diagonal Mar i el Front Marítim del Poblenou,13338,41.21097615834458,0.19823061928325086,0.18113660218923378,0.404408457040036,0.15287149497675814
2023,10,Sant Martí,70,el Besòs i el Maresme,27783,40.430119137602134,0.16891624374617573,0.24327826368642697,0.3498542274052478,0.1520354173415398
2023,10,Sant Martí,71,Provençals del Poblenou,21204,42.95717789096397,0.15992265610262216,0.21382757970194302,0.380211280890398,0.18090926240332011
2023,10,Sant Martí,72,Sant Martí de Provençals,26077,46.249721977221306,0.1392798251332592,0.18782835448862983,0.3611611765157035,0.24466004525060397
2023,10,Sant Martí,73,la Verneda i la Pau,29173,46.482912281904504,0.14006101532238713,0.1811606622561958,0.3552600006855654,0.2547903883728105
2024,1,Ciutat Vella,1,el Raval,46567,38.075117572529905,0.15010629845169327,0.32239568793351514,0.33450726909614104,0.10535357656709687
2024,1,Ciutat Vella,2,el Barri Gòtic,26981,37.50731996590193,0.07968570475519811,0.4333419813943145,0.3075126941180831,0.07638708720951781
2024,1,Ciutat Vella,3,la Barceloneta,14343,42.43603151363034,0.08303702154361012,0.35404029840340234,0.3342396988077808,0.15680122707941155
2024,1,Ciutat Vella,4,"Sant Pere, Santa Caterina i la Ribera",22344,40.439760114572145,0.10150375939849623,0.3695399212316506,0.32478517722878625,0.12956498388829216
2024,2,Eixample,5,el Fort Pienc,36053,43.380689540398855,0.11835353507336421,0.2822511302804205,0.32405070313150086,0.1989848278922697
2024,2,Eixample,6,la Sagrada Família,52750,44.9018009478673,0.1122085308056872,0.27277725118483415,0.32365876777251185,0.22297630331753554
2024,2,Eixample,7,la Dreta de l'Eixample,44466,43.53083254621509,0.12438717222147258,0.27416453020285164,0.32534970539288444,0.20244681329555167
2024,2,Eixample,8,l'Antiga Esquerra de l'Eixample,43609,43.8540438900227,0.11034419500561811,0.2940677383108991,0.31933775138159554,0.20346717420715907
2024,2,Eixample,9,la Nova Esquerra de l'Eixample,58180,45.2028875902372,0.11864902028188382,0.2601753179786868,0.3194740460639395,0.23662770711584738
2024,2,Eixample,10,Sant Antoni,38620,44.712299326773696,0.11618332470222682,0.2698860693940963,0.33969445882962196,0.21255825996892802
2024,3,Sants-Montjuïc,11,el Poble-sec,39082,42.409958548692494,0.12432833529502073,0.28051276802620134,0.36139399211913414,0.16355355406581035
2024,3,Sants-Montjuïc,12,la Marina del Prat Vermell,1897,38.00579862941487,0.19030047443331577,0.2767527675276753,0.37480231945176595,0.09804955192409066
2024,3,Sants-Montjuïc,13,la Marina de Port,30889,44.36848068891838,0.14713975849007738,0.19450289747159183,0.3681245750914565,0.20900644242286898
2024,3,Sants-Montjuïc,14,la Font de la Guatlla,10687,45.199120426686626,0.10798165996069992,0.2399176569664078,0.3295592776270235,0.23027977917095538
2024,3,Sants-Montjuïc,15,Hostafrancs,16144,43.36936323092171,0.12661050545094152,0.2710604558969277,0.34241823587710607,0.19685332011892964
2024,3,Sants-Montjuïc,16,la Bordeta,20358,44.653060222025736,0.14014146772767463,0.2238432066018273,0.3471853816681403,0.22379408586305138
2024,3,Sants-Montjuïc,17,Sants - Badal,24904,44.956553164150336,0.12648570510761323,0.2356247992290395,0.3402264696434308,0.22887889495663347
2024,3,Sants-Montjuïc,18,Sants,46911,43.0100189720961,0.1275820170109356,0.2693611306516595,0.3409861226577988,0.1876745326256102
2024,4,Les Corts,19,les Corts,46513,46.3159976780685,0.1389504009631716,0.2017715477393417,0.32335046116139576,0.26818308859888634
2024,4,Les Corts,20,la Maternitat i Sant Ramon,24258,46.25175199934042,0.13912935938659413,0.19935691318327975,0.32034792645725124,0.2697254513974771
2024,4,Les Corts,21,Pedralbes,12378,42.9405396671514,0.19558894813378574,0.1570528356761997,0.32339634835999354,0.22539990305380514
2024,5,Sarrià-Sant Gervasi,22,"Vallvidrera, el Tibidabo i les Planes",4745,41.06512118018967,0.19831401475237093,0.16080084299262382,0.39810326659641726,0.15616438356164383
2024,5,Sarrià-Sant Gervasi,23,Sarrià,24942,43.15872824953893,0.19677652152994948,0.1606928073129661,0.3402293320503568,0.21606126212813728
2024,5,Sarrià-Sant Gervasi,24,les Tres Torres,16327,42.91217002511178,0.1989342806394316,0.15557052734733876,0.33380290316653394,0.21614503583021988
2024,5,Sarrià-Sant Gervasi,25,Sant Gervasi - la Bonanova,26662,43.008288950566346,0.18273197809616684,0.1858450228790038,0.3234941114695072,0.21765058885304928
2024,5,Sarrià-Sant Gervasi,26,Sant Gervasi - Galvany,48262,43.60167419501886,0.16690149600099458,0.19738096224773113,0.3268824333844432,0.2187849653972069
2024,5,Sarrià-Sant Gervasi,27,el Putxet i el Farró,30271,43.36847147434839,0.15863367579531565,0.22097056588814376,0.3327276931716825,0.2104324270754187
2024,6,Gràcia,28,Vallcarca i els Penitents,16520,44.0452784503632,0.15199757869249395,0.212227602905569,0.34382566585956414,0.21707021791767556
2024,6,Gràcia,29,el Coll,7900,43.25025316455696,0.14822784810126582,0.22556962025316454,0.3616455696202532,0.19253164556962024
2024,6,Gràcia,30,la Salut,13636,44.77904077442065,0.15048401290701086,0.21457905544147843,0.3242153124083309,0.24383983572895276
2024,6,Gràcia,31,la Vila de Gràcia,50740,42.657232952305876,0.12420181316515569,0.29146629877808433,0.3370516357903035,0.1795821836815136
2024,6,Gràcia,32,el Camp d'en Grassot i Gràcia Nova,36344,45.07140105657055,0.12494497028395334,0.2486517719568567,0.3298206031256879,0.2319227382786705
2024,7,Horta-Guinardó,33,el Baix Guinardó,26234,46.08210718914386,0.12457116718761913,0.2306929938248075,0.33708164976747734,0.24418693298772584
2024,7,Horta-Guinardó,34,Can Baró,9507,44.31871252761123,0.14189544546123908,0.22236246975912485,0.35458083517408223,0.21279057536552015
2024,7,Horta-Guinardó,35,el Guinardó,38067,44.506081382825016,0.1379147292930885,0.22536580240102977,0.3542175637691439,0.2144377019465679
2024,7,Horta-Guinardó,36,la Font d'en Fargues,9776,45.31833060556465,0.15988134206219312,0.16520049099836334,0.3637479541734861,0.2387479541734861
2024,7,Horta-Guinardó,37,el Carmel,32960,44.09954490291262,0.14717839805825242,0.20901092233009708,0.3607099514563107,0.2089502427184466
2024,7,Horta-Guinardó,38,la Teixonera,12418,44.06716057336125,0.14100499275245612,0.21412465775487197,0.36253825092607506,0.2049444354968594
2024,7,Horta-Guinardó,39,Sant Genís dels Agudells,7748,44.50129065565307,0.15178110480123902,0.21205472379969023,0.3385389778007228,0.22031491997934952
2024,7,Horta-Guinardó,40,Montbau,5275,46.621990521327014,0.13023696682464456,0.2104265402843602,0.35639810426540286,0.23033175355450236
2024,7,Horta-Guinardó,41,la Vall d'Hebron,5879,48.653342405170946,0.13029426773260758,0.16346317400918522,0.3553325395475421,0.28831433917332877
2024,7,Horta-Guinardó,42,la Clota,640,35.85625,0.184375,0.3,0.471875,0.009375
2024,7,Horta-Guinardó,43,Horta,31044,44.465339518103335,0.14234634712021646,0.21163509856977195,0.34943950521839967,0.2165313748228321
2024,8,Nou Barris,44,Vilapicina i la Torre Llobeta,26139,46.0027162477524,0.13439687822793528,0.1911702819541681,0.3572439649565783,0.24300853131336317
2024,8,Nou Barris,45,Porta,31272,43.46440905602456,0.14025326170376054,0.2329559989767204,0.3561652596572013,0.1934318239959069
2024,8,Nou Barris,46,el Turó de la Peira,16788,42.23999285203717,0.16672623302358827,0.22313557302835357,0.3544198236835835,0.17589945198951631
2024,8,Nou Barris,47,Can Peguera,2111,44.89531027948839,0.1596399810516343,0.17290383704405496,0.3813358597820938,0.2089057318806253
2024,8,Nou Barris,48,la Guineueta,15343,47.424819135762235,0.14123704620999805,0.16294075474157596,0.3559277846574985,0.26950400834256666
2024,8,Nou Barris,49,Canyelles,6784,48.68838443396226,0.12780070754716982,0.15168042452830188,0.34684551886792453,0.30630896226415094
2024,8,Nou Barris,50,les Roquetes,16911,41.12027674294838,0.17574359884099108,0.21950209922535627,0.3476435456211933,0.17113121636804446
2024,8,Nou Barris,51,Verdun,13156,43.13795986622073,0.15551839464882944,0.20887807844329584,0.3639404074186683,0.191699604743083
2024,8,Nou Barris,52,la Prosperitat,27214,45.41846108620563,0.14242669214374953,0.18935106930256485,0.35639744249283456,0.235430293231425
2024,8,Nou Barris,53,la Trinitat Nova,7709,42.17473083409003,0.16344532364768452,0.21234920223115838,0.3650278894798288,0.17576858217667662
2024,8,Nou Barris,54,Torre Baró,3061,38.36654688010454,0.21430904933028422,0.1983012087553087,0.37732767069585105,0.11891538712838942
2024,8,Nou Barris,55,Ciutat Meridiana,11072,39.761470375722546,0.20420881502890173,0.2104407514450867,0.33471820809248554,0.1611271676300578
2024,8,Nou Barris,56,Vallbona,1314,40.17427701674277,0.2070015220700152,0.16210045662100456,0.4048706240487062,0.14231354642313546
2024,9,Sant Andreu,57,la Trinitat Vella,10641,39.603326755004225,0.19283901888920213,0.21999812047739875,0.3535382012968706,0.14641481063809791
2024,9,Sant Andreu,58,Baró de Viver,2555,40.35029354207436,0.18943248532289628,0.18708414872798435,0.38395303326810176,0.14794520547945206
2024,9,Sant Andreu,59,el Bon Pastor,15727,40.0561454822916,0.17892795828829403,0.22598079735486742,0.36376931391873846,0.14198512112926814
2024,9,Sant Andreu,60,Sant Andreu,58512,45.21248632759092,0.15348988241728193,0.17422067268252667,0.3707786436970194,0.23379819524200163
2024,9,Sant Andreu,61,la Sagrera,30267,45.580533254039054,0.1374764595103578,0.20735454455347407,0.3454917897379985,0.24574619222255262
2024,9,Sant Andreu,62,el Congrés i els Indians,14916,44.511531241619736,0.14501206757843926,0.21238938053097345,0.3708098685974792,0.2044784124430142
2024,9,Sant Andreu,63,Navas,22386,45.9086482623068,0.13271687661931564,0.2100866613061735,0.34838738497275085,0.2415795586527294
2024,10,Sant Martí,64,el Camp de l'Arpa del Clot,38987,45.156821504604096,0.12104034678226075,0.2497242670633801,0.33706107163926435,0.22846076897427348
2024,10,Sant Martí,65,el Clot,26702,45.06355329188825,0.12965320949741593,0.2201333233465658,0.35645270017227176,0.223840910793199
2024,10,Sant Martí,66,el Parc i la Llacuna del Poblenou,16991,42.72102877994232,0.14490024130421988,0.2391854511211818,0.34641869224883765,0.19345535871932198
2024,10,Sant Martí,67,la Vila Olímpica del Poblenou,9275,43.046145552560645,0.14857142857142858,0.19719676549865228,0.3717520215633423,0.1908355795148248
2024,10,Sant Martí,68,el Poblenou,34455,42.2796981570164,0.16084748222318968,0.21613699027717312,0.38783921056450443,0.16456247279059644
2024,10,Sant Martí,69,Diagonal Mar i el Front Marítim del Poblenou,13406,41.976279277935255,0.18618529016858124,0.17641354617335522,0.40966731314336863,0.15985379680739967
2024,10,Sant Martí,70,el Besòs i el Maresme,30383,39.942138695981306,0.16272257512424712,0.25734785900009877,0.3422966790639502,0.14422538919790673
2024,10,Sant Martí,71,Provençals del Poblenou,21418,43.01115883836026,0.1568307031468858,0.21509944906153702,0.37487160332430663,0.1832570734895882
2024,10,Sant Martí,72,Sant Martí de Provençals,26497,46.185454957164964,0.13518511529607125,0.19368230365701777,0.35826697361965504,0.24289542212325924
2024,10,Sant Martí,73,la Verneda i la Pau,30264,46.149550621200106,0.13772138514406557,0.19250594766058685,0.35064763415278877,0.2481826592651335
2025,1,Ciutat Vella,1,el Raval,49539,37.827731686146265,0.1435232846847938,0.3366236702396092,0.3275601041603585,0.1005874159752922
2025,1,Ciutat Vella,2,el Barri Gòtic,27623,37.72899395431343,0.07291025594613185,0.4427107844911849,0.3080766028309742,0.07743547044129892
2025,1,Ciutat Vella,3,la Barceloneta,14558,42.547121857398,0.07865091358703119,0.35911526308558867,0.3321197966753675,0.15785135320785823
2025,1,Ciutat Vella,4,"Sant Pere, Santa Caterina i la Ribera",22639,40.55505985246698,0.09832589778700472,0.3694509474800124,0.3286805954326604,0.12783250143557578
2025,2,Eixample,5,el Fort Pienc,36571,43.60501490251839,0.11312241940335238,0.2841048918542014,0.3266522654562358,0.19988515490415903
2025,2,Eixample,6,la Sagrada Família,53481,44.917316430134065,0.11031955273835568,0.2777061012322133,0.3221517922252763,0.22321946111703223
2025,2,Eixample,7,la Dreta de l'Eixample,45280,43.53544611307421,0.1208922261484099,0.2817137809187279,0.32204063604240285,0.20165636042402826
2025,2,Eixample,8,l'Antiga Esquerra de l'Eixample,43845,43.93112099441213,0.10717299578059072,0.29868856197970123,0.31501881628463907,0.20558786634736
2025,2,Eixample,9,la Nova Esquerra de l'Eixample,58990,45.22229191388371,0.11674860145787422,0.26619766062044414,0.31671469740634006,0.23622647906424818
2025,2,Eixample,10,Sant Antoni,39141,44.72182621803224,0.1133849416213178,0.27388160752152474,0.3386730027337063,0.21220714851434558
2025,3,Sants-Montjuïc,11,el Poble-sec,40208,42.390942101074415,0.118608237166733,0.2895692399522483,0.35741643454038996,0.16230600875447673
2025,3,Sants-Montjuïc,12,la Marina del Prat Vermell,2819,36.28272437034409,0.21248669741042922,0.28698119900673996,0.35367151472153247,0.08442710180915218
2025,3,Sants-Montjuïc,13,la Marina de Port,31579,44.34614775642041,0.1433864276892872,0.20035466607555655,0.36299439500934166,0.20979131701447165
2025,3,Sants-Montjuïc,14,la Font de la Guatlla,10847,45.099935466027475,0.10629667189084539,0.24172582280814972,0.32479026458928734,0.22964875080667466
2025,3,Sants-Montjuïc,15,Hostafrancs,16743,42.980111091202296,0.12554500388221942,0.27790718509227735,0.3365585617870155,0.19160246072985726
2025,3,Sants-Montjuïc,16,la Bordeta,21210,44.316878830740215,0.1355021216407355,0.23677510608203678,0.342008486562942,0.21824611032531824
2025,3,Sants-Montjuïc,17,Sants - Badal,25308,44.909080132764345,0.1235577682946104,0.24292713766397978,0.3376797850482061,0.22688477951635846
2025,3,Sants-Montjuïc,18,Sants,47103,43.199817421395664,0.1253635649534,0.2727427127783793,0.3408700082797274,0.19020019956266054
2025,4,Les Corts,19,les Corts,46804,46.51128108708657,0.1365908896675498,0.20231176822493804,0.3212332279292368,0.2713656952397231
2025,4,Les Corts,20,la Maternitat i Sant Ramon,24634,46.09446293740359,0.1386295364130876,0.2018754566858813,0.3168385158723715,0.26780060079564827
2025,4,Les Corts,21,Pedralbes,12545,42.84790753288163,0.19442008768433638,0.1562375448385811,0.3261060183339976,0.2220805101634117
2025,5,Sarrià-Sant Gervasi,22,"Vallvidrera, el Tibidabo i les Planes",4827,41.39444789724467,0.18748705199917132,0.16449140252744976,0.3963124093639942,0.15786202610316968
2025,5,Sarrià-Sant Gervasi,23,Sarrià,25111,43.08808888534905,0.19397873441917884,0.1631157659989646,0.3377802556648481,0.21452749790928277
2025,5,Sarrià-Sant Gervasi,24,les Tres Torres,16305,43.1803741183686,0.1939895737503833,0.15559644280895432,0.3325973627721558,0.21888991107022385
2025,5,Sarrià-Sant Gervasi,25,Sant Gervasi - la Bonanova,26731,43.14391530432831,0.1794171561108825,0.18693651565597993,0.32381878717593804,0.21869739254049606
2025,5,Sarrià-Sant Gervasi,26,Sant Gervasi - Galvany,49329,43.37480994952259,0.16560238399318858,0.20452472176610106,0.32309594761702043,0.2157554379776602
2025,5,Sarrià-Sant Gervasi,27,el Putxet i el Farró,30687,43.379606999706716,0.1580147945384039,0.22204842441424708,0.3307589533027015,0.21227229771564507
2025,6,Gràcia,28,Vallcarca i els Penitents,16789,44.230984573232476,0.14735838942164511,0.21734468997557924,0.34296265411876825,0.21817856930132826
2025,6,Gràcia,29,el Coll,8063,43.48679151680516,0.14597544338335608,0.22969118194220514,0.358303361031874,0.19533672330398114
2025,6,Gràcia,30,la Salut,13985,44.72649267071863,0.14894529853414373,0.2212370396853772,0.3197711834107973,0.24183053271362173
2025,6,Gràcia,31,la Vila de Gràcia,51471,42.63711604592878,0.12179673991179499,0.29404907617881915,0.33554817275747506,0.17901342503545686
2025,6,Gràcia,32,el Camp d'en Grassot i Gràcia Nova,36688,45.17697884866986,0.12227431312690798,0.25411578717836897,0.32800915830789357,0.23239206279982555
2025,7,Horta-Guinardó,33,el Baix Guinardó,26490,46.08123820309551,0.12404681011702529,0.23257833144582862,0.33510758776896943,0.24394110985277465
2025,7,Horta-Guinardó,34,Can Baró,9657,44.230195712954334,0.13793103448275862,0.23195609402505954,0.34907321114217665,0.21114217665941803
2025,7,Horta-Guinardó,35,el Guinardó,38966,44.49045321562388,0.13457886362469845,0.2310219165426269,0.3513575937997228,0.21362213211517733
2025,7,Horta-Guinardó,36,la Font d'en Fargues,9898,45.54879773691655,0.15164679733279451,0.1722570216205294,0.35987068094564556,0.24196807435845624
2025,7,Horta-Guinardó,37,el Carmel,33630,43.95688373476063,0.14763603925066904,0.2143324412726732,0.3592625631876301,0.20496580434136188
2025,7,Horta-Guinardó,38,la Teixonera,12592,44.20004764930114,0.13492693773824652,0.22125158831003813,0.3602287166454892,0.20544790343074967
2025,7,Horta-Guinardó,39,Sant Genís dels Agudells,7818,44.66653875671527,0.15170120235354312,0.21092350984906627,0.3411358403683807,0.2209004860578153
2025,7,Horta-Guinardó,40,Montbau,5321,46.261792896072166,0.12666791956399173,0.22552151851155797,0.3574516068408194,0.21762826536365346
2025,7,Horta-Guinardó,41,la Vall d'Hebron,5974,48.689487780381654,0.12855708068295948,0.16688985604285236,0.35051891529963175,0.2884164713759625
2025,7,Horta-Guinardó,42,la Clota,899,35.62736373748609,0.20022246941045607,0.2936596218020022,0.4783092324805339,0
2025,7,Horta-Guinardó,43,Horta,31203,44.58257218857161,0.13947376854789603,0.21215908726724994,0.34807550556036276,0.21844053456398424
2025,8,Nou Barris,44,Vilapicina i la Torre Llobeta,26408,46.045819448651926,0.1318918509542563,0.19554680399878824,0.35383217206907,0.24405483186913057
2025,8,Nou Barris,45,Porta,31326,43.728149141288384,0.1379684607035689,0.23328864202260102,0.35820085551937686,0.19482219242801507
2025,8,Nou Barris,46,el Turó de la Peira,17414,41.98156655564488,0.16641782473871597,0.2300447915470311,0.35086711841047435,0.17239003100953257
2025,8,Nou Barris,47,Can Peguera,2100,45.09047619047619,0.15428571428571428,0.18,0.3738095238095238,0.21619047619047618
2025,8,Nou Barris,48,la Guineueta,15625,47.322368,0.140096,0.16736,0.354816,0.264704
2025,8,Nou Barris,49,Canyelles,6804,48.86654908877131,0.12404467960023516,0.1557907113462669,0.3439153439153439,0.3083480305702528
2025,8,Nou Barris,50,les Roquetes,17280,40.935763888888886,0.17401620370370371,0.22355324074074073,0.34751157407407407,0.16730324074074074
2025,8,Nou Barris,51,Verdun,13467,43.06512215044182,0.154377366896859,0.21586099353976387,0.36132768990866565,0.18927749313135814
2025,8,Nou Barris,52,la Prosperitat,27826,45.22748508589089,0.1385035578236182,0.20085531517285993,0.3534464170200532,0.22956946740458564
2025,8,Nou Barris,53,la Trinitat Nova,7945,41.84820641913153,0.16135934550031467,0.2211453744493392,0.36047828823159217,0.17054751415984895
2025,8,Nou Barris,54,Torre Baró,3168,38.77777777777778,0.20643939393939395,0.19981060606060605,0.3753156565656566,0.12657828282828282
2025,8,Nou Barris,55,Ciutat Meridiana,11339,39.70685245612488,0.20257518299673694,0.2128935532233883,0.3343328335832084,0.15812681894346944
2025,8,Nou Barris,56,Vallbona,1337,40.54674644727001,0.19820493642483172,0.16903515332834704,0.4016454749439043,0.14510097232610322
2025,9,Sant Andreu,57,la Trinitat Vella,11140,39.84685816876122,0.19281867145421902,0.22612208258527827,0.34802513464991025,0.15053859964093358
2025,9,Sant Andreu,58,Baró de Viver,2621,40.54864555513163,0.18084700495993897,0.18962228157191913,0.3880198397558184,0.1491797024036627
2025,9,Sant Andreu,59,el Bon Pastor,15848,40.40244825845532,0.17036850075719334,0.22917718324078748,0.36465169106511863,0.14380363452801614
2025,9,Sant Andreu,60,Sant Andreu,58859,45.50005946414312,0.1482695934351586,0.17699926944052735,0.3680660561681306,0.23789055199714573
2025,9,Sant Andreu,61,la Sagrera,30849,45.583681804920744,0.13446140879769197,0.21388051476547051,0.3438036889364323,0.24344387176245583
2025,9,Sant Andreu,62,el Congrés i els Indians,15148,44.63850013203063,0.14100871402165302,0.21936889358331133,0.36777132294692366,0.20603379984156325
2025,9,Sant Andreu,63,Navas,22763,45.81105302464526,0.1302991697052234,0.21644774414620216,0.3465711900891798,0.2385450072486052
2025,10,Sant Martí,64,el Camp de l'Arpa del Clot,39750,45.159572327044025,0.11725786163522013,0.256125786163522,0.33655345911949686,0.2260125786163522
2025,10,Sant Martí,65,el Clot,27044,45.090482177192726,0.12527732583937287,0.22785090962875315,0.350909628753143,0.22496672089927525
2025,10,Sant Martí,66,el Parc i la Llacuna del Poblenou,17558,42.78687777651213,0.1402209818885978,0.23772639252762273,0.3474769335915252,0.1935300148080647
2025,10,Sant Martí,67,la Vila Olímpica del Poblenou,9242,43.59337805669769,0.14066219433023155,0.2054750054100844,0.36777753732958235,0.19887470244535815
2025,10,Sant Martí,68,el Poblenou,34716,42.46016246111303,0.15520221223643277,0.21831432192648922,0.38835119253370204,0.16516879824864616
2025,10,Sant Martí,69,Diagonal Mar i el Front Marítim del Poblenou,13589,42.17720214879682,0.17749650452571933,0.1802192950180293,0.41003753035543455,0.1599087497240415
2025,10,Sant Martí,70,el Besòs i el Maresme,30596,40.12848084716956,0.15717740881160935,0.2630082363707674,0.3411230226173356,0.1463590011766244
2025,10,Sant Martí,71,Provençals del Poblenou,21812,43.124197689345316,0.15344764349899137,0.21437740693196405,0.3717219878965707,0.1875573079039061
2025,10,Sant Martí,72,Sant Martí de Provençals,26888,46.11004909253199,0.13154567093127045,0.20135376376078548,0.3542100565307944,0.24144599821481702
2025,10,Sant Martí,73,la Verneda i la Pau,31104,45.92682613168724,0.13191229423868311,0.20373585390946503,0.34555041152263377,0.2433449074074074
